ally_heroes,enemy_heroes,is_exort_build
[121, 129, 135, 70],[71, 112, 35, 75, 54],True
[129, 12, 126, 87],[98, 39, 48, 119, 71],False
[129, 50, 119, 114],[106, 101, 85, 48, 2],False
[39, 63, 71, 102],[121, 126, 119, 10, 107],False
[54, 76, 101, 135],[129, 63, 64, 86, 46],True
[129, 79, 135, 14],[86, 17, 12, 85, 71],False
[112, 48, 98, 86],[128, 129, 52, 6, 119],True
[29, 50, 42, 87],[101, 104, 46, 44, 3],True
[84, 23, 86, 46],[126, 119, 63, 17, 42],False
[94, 84, 101, 71],[114, 119, 111, 69, 88],False
[121, 42, 88, 76],[49, 120, 81, 3, 9],False
[84, 88, 63, 39],[126, 42, 47, 43, 71],False
[68, 54, 107, 55],[42, 75, 39, 3, 33],False
[51, 15, 64, 128],[48, 61, 120, 123, 3],True
[51, 42, 40, 123],[89, 39, 71, 121, 75],True
[87, 44, 39, 61],[75, 76, 88, 25, 81],False
[83, 63, 16, 86],[76, 13, 41, 102, 123],False
[128, 3, 100, 41],[44, 63, 107, 76, 17],True
[75, 4, 121, 71],[51, 52, 59, 28, 91],False
[129, 79, 4, 7],[91, 34, 23, 60, 3],False
[91, 78, 26, 95],[128, 18, 87, 71, 11],False
[41, 51, 129, 121],[3, 114, 71, 54, 39],True
[39, 42, 87, 114],[95, 126, 97, 3, 25],False
[31, 114, 121, 71],[39, 103, 104, 48, 119],False
[12, 71, 101, 123],[9, 39, 1, 87, 38],False
[128, 71, 72, 87],[51, 104, 123, 39, 10],False
[83, 86, 109, 129],[44, 120, 76, 106, 3],False
[3, 88, 42, 71],[15, 26, 38, 106, 29],True
[91, 9, 129, 42],[43, 69, 26, 119, 10],False
[87, 94, 121, 71],[43, 42, 39, 78, 51],False
[48, 120, 119, 63],[12, 26, 126, 121, 71],False
[3, 15, 23, 88],[87, 44, 77, 39, 63],True
[38, 10, 88, 86],[51, 39, 56, 40, 114],True
[102, 41, 36, 71],[129, 39, 23, 51, 101],True
[91, 83, 71, 6],[109, 23, 47, 128, 100],False
[102, 100, 48, 91],[63, 98, 42, 36, 3],False
[23, 38, 86, 87],[95, 17, 29, 63, 121],False
[70, 75, 3, 38],[86, 23, 39, 83, 16],False
[23, 129, 128, 87],[17, 84, 29, 123, 70],False
[61, 72, 63, 84],[126, 26, 12, 129, 51],False
[26, 41, 84, 96],[63, 39, 61, 46, 128],False
[43, 121, 60, 94],[123, 39, 119, 10, 71],False
[93, 17, 69, 30],[58, 123, 44, 71, 10],False
[94, 3, 135, 129],[128, 120, 97, 87, 126],False
[3, 94, 81, 128],[109, 55, 107, 39, 75],False
[70, 129, 119, 102],[1, 98, 52, 86, 3],False
[128, 96, 44, 121],[53, 104, 75, 23, 100],False
[15, 84, 128, 129],[23, 72, 39, 120, 46],False
[110, 109, 39, 64],[53, 121, 42, 25, 71],False
[46, 29, 17, 104],[53, 95, 23, 135, 64],False
[129, 44, 83, 43],[48, 3, 61, 9, 52],False
[15, 84, 104, 63],[14, 3, 39, 89, 25],False
[10, 71, 120, 110],[100, 128, 43, 39, 17],False
[43, 95, 69, 121],[42, 52, 23, 64, 128],False
[44, 14, 77, 86],[71, 1, 119, 84, 76],True
[12, 102, 129, 119],[39, 87, 101, 42, 71],False
[4, 26, 51, 8],[72, 55, 106, 88, 44],True
[51, 15, 40, 71],[109, 23, 120, 79, 64],True
[30, 8, 88, 77],[51, 70, 39, 86, 120],False
[3, 23, 119, 129],[6, 39, 114, 84, 86],False
[38, 109, 86, 84],[25, 19, 46, 76, 42],False
[63, 102, 68, 71],[3, 39, 59, 28, 123],False
[3, 96, 42, 121],[60, 39, 95, 123, 71],False
[83, 46, 29, 20],[114, 75, 39, 3, 65],False
[42, 35, 4, 31],[41, 128, 123, 71, 126],False
[58, 23, 61, 3],[48, 102, 39, 121, 38],False
[84, 48, 43, 63],[86, 98, 39, 46, 135],False
[39, 71, 87, 46],[3, 106, 95, 100, 43],False
[58, 42, 2, 101],[25, 60, 18, 63, 64],False
[26, 52, 9, 29],[65, 109, 104, 43, 63],True
[63, 26, 96, 109],[48, 13, 129, 121, 3],False
[3, 40, 109, 63],[75, 88, 39, 76, 41],False
[63, 15, 2, 26],[48, 17, 60, 91, 87],True
[63, 83, 71, 64],[43, 3, 16, 95, 13],False
[69, 84, 63, 94],[110, 42, 40, 39, 83],False
[60, 21, 70, 102],[129, 43, 48, 110, 3],False
[119, 69, 120, 39],[25, 128, 71, 41, 3],False
[3, 129, 12, 26],[120, 46, 42, 43, 86],False
[18, 3, 104, 101],[28, 102, 80, 63, 16],True
[55, 54, 87, 119],[126, 39, 46, 71, 135],False
[39, 42, 85, 9],[121, 106, 119, 129, 94],False
[85, 48, 101, 129],[46, 26, 54, 63, 104],True
[83, 44, 16, 63],[3, 4, 15, 69, 71],False
[23, 104, 128, 100],[17, 29, 64, 107, 6],False
[72, 109, 3, 84],[87, 43, 126, 135, 114],True
[89, 86, 38, 43],[3, 61, 39, 9, 60],False
[64, 12, 96, 101],[114, 46, 111, 38, 123],False
[129, 114, 110, 119],[17, 128, 29, 54, 26],False
[21, 109, 31, 129],[44, 15, 55, 63, 71],True
[42, 83, 63, 71],[23, 13, 69, 33, 3],False
[128, 84, 41, 98],[42, 135, 39, 69, 51],True
[60, 46, 128, 63],[3, 123, 17, 4, 129],False
[87, 15, 38, 83],[114, 98, 19, 84, 72],False
[76, 128, 4, 83],[98, 79, 41, 107, 126],False
[43, 54, 29, 9],[39, 114, 120, 87, 26],False
[63, 3, 114, 23],[102, 52, 121, 71, 54],False
[121, 114, 43, 71],[108, 44, 63, 39, 84],False
[9, 10, 96, 43],[3, 121, 39, 16, 70],False
[87, 94, 63, 29],[91, 123, 39, 99, 49],False
[77, 42, 107, 43],[109, 129, 9, 25, 3],False
[79, 108, 88, 23],[121, 13, 44, 71, 86],True
[83, 15, 60, 87],[91, 17, 109, 71, 64],False
[43, 44, 14, 111],[110, 18, 52, 23, 128],False
[39, 84, 63, 23],[129, 86, 25, 114, 26],False
[79, 129, 59, 58],[3, 15, 13, 55, 51],True
[95, 128, 64, 129],[86, 121, 4, 28, 13],True
[3, 44, 104, 91],[83, 46, 23, 63, 129],False
[26, 94, 63, 81],[84, 71, 114, 86, 46],True
[128, 40, 42, 84],[39, 87, 38, 46, 86],False
[26, 42, 79, 129],[114, 3, 98, 86, 126],True
[42, 84, 129, 79],[13, 71, 121, 76, 44],False
[44, 129, 63, 83],[4, 114, 23, 25, 3],False
[41, 83, 64, 60],[70, 104, 84, 43, 101],False
[119, 16, 87, 23],[42, 135, 38, 123, 39],False
[128, 107, 71, 48],[4, 13, 7, 63, 3],False
[109, 7, 128, 100],[46, 129, 21, 135, 106],False
[3, 104, 11, 101],[87, 71, 42, 23, 86],False
[10, 29, 128, 3],[70, 43, 71, 31, 55],False
[43, 71, 64, 23],[63, 129, 119, 126, 92],False
[88, 112, 63, 15],[91, 23, 6, 86, 53],False
[12, 63, 119, 38],[44, 126, 3, 101, 129],False
[64, 89, 121, 71],[3, 42, 13, 38, 91],False
[41, 104, 63, 84],[31, 129, 39, 42, 123],False
[85, 44, 63, 71],[23, 114, 98, 79, 88],False
[75, 63, 129, 42],[110, 13, 29, 3, 46],False
[87, 63, 29, 109],[110, 15, 120, 3, 13],False
[43, 46, 71, 63],[114, 25, 41, 7, 37],False
[101, 29, 44, 121],[60, 12, 86, 64, 39],True
[70, 129, 128, 91],[75, 54, 27, 36, 99],True
[34, 44, 26, 104],[91, 52, 42, 3, 60],True
[12, 16, 9, 79],[46, 39, 87, 100, 128],False
[75, 129, 44, 119],[3, 29, 13, 6, 64],True
[108, 39, 26, 15],[71, 25, 64, 41, 123],False
[71, 44, 87, 101],[109, 21, 129, 64, 119],False
[15, 3, 128, 29],[94, 71, 135, 21, 63],False
[60, 128, 129, 94],[13, 71, 123, 15, 103],False
[104, 135, 101, 10],[16, 14, 53, 39, 100],False
[135, 71, 119, 1],[129, 126, 3, 79, 44],False
[42, 88, 55, 101],[48, 39, 129, 51, 3],False
[94, 112, 128, 129],[76, 104, 54, 64, 91],True
[120, 129, 3, 92],[123, 42, 43, 126, 38],False
[11, 114, 96, 121],[71, 52, 47, 26, 23],False
[42, 26, 120, 43],[44, 39, 55, 84, 107],False
[12, 128, 129, 3],[63, 65, 54, 87, 60],False
[60, 23, 119, 3],[66, 2, 43, 10, 26],False
[64, 42, 33, 88],[51, 94, 39, 121, 49],True
[121, 33, 79, 41],[3, 2, 76, 46, 75],True
[26, 42, 43, 60],[39, 84, 129, 6, 128],False
[88, 105, 39, 99],[25, 71, 3, 70, 120],False
[51, 63, 73, 92],[43, 23, 3, 12, 98],False
[71, 119, 87, 44],[84, 46, 16, 128, 39],False
[44, 15, 88, 76],[63, 39, 120, 23, 86],False
[87, 129, 70, 63],[18, 17, 69, 91, 26],False
[91, 72, 135, 60],[3, 25, 15, 123, 29],False
[3, 89, 9, 104],[114, 46, 64, 106, 38],False
[83, 48, 128, 29],[112, 60, 39, 95, 87],False
[64, 44, 129, 63],[3, 46, 15, 38, 88],False
[76, 83, 88, 59],[71, 69, 64, 42, 39],True
[64, 23, 2, 9],[3, 39, 70, 38, 114],False
[121, 76, 88, 10],[104, 35, 128, 101, 60],False
[129, 109, 43, 86],[63, 44, 123, 65, 2],False
[128, 78, 8, 63],[107, 39, 84, 104, 12],False
[120, 94, 85, 86],[39, 29, 10, 128, 26],False
[4, 94, 85, 26],[6, 84, 120, 128, 39],False
[29, 38, 63, 42],[114, 52, 104, 91, 94],False
[94, 83, 63, 129],[109, 61, 71, 121, 87],False
[63, 41, 87, 29],[39, 114, 13, 3, 88],False
[64, 109, 23, 71],[3, 2, 51, 48, 39],False
[64, 38, 10, 3],[83, 46, 104, 119, 39],False
[101, 63, 61, 23],[96, 43, 109, 102, 119],False
[55, 121, 3, 42],[126, 123, 48, 63, 60],False
[63, 98, 72, 51],[26, 86, 42, 52, 16],False
[70, 88, 121, 39],[71, 95, 13, 26, 135],False
[129, 64, 70, 26],[46, 17, 60, 63, 84],False
[91, 86, 48, 4],[3, 112, 39, 23, 71],True
[7, 3, 1, 39],[114, 121, 70, 55, 25],False
[3, 23, 26, 10],[39, 106, 49, 109, 79],False
[42, 129, 128, 64],[61, 30, 11, 8, 119],True
[119, 90, 41, 128],[79, 86, 71, 55, 42],True
[126, 121, 8, 85],[39, 55, 42, 71, 128],False
[96, 95, 43, 79],[71, 126, 6, 123, 38],False
[112, 93, 4, 83],[52, 28, 8, 9, 3],True
[64, 42, 86, 60],[63, 128, 4, 16, 104],False
[23, 63, 107, 66],[86, 8, 16, 39, 84],False
[28, 23, 9, 3],[39, 25, 63, 48, 100],True
[88, 129, 25, 89],[70, 64, 76, 40, 51],False
[3, 29, 79, 6],[121, 71, 56, 84, 65],False
[75, 42, 64, 71],[126, 39, 109, 83, 128],False
[26, 70, 62, 121],[34, 46, 39, 3, 129],True
[12, 87, 107, 47],[98, 83, 71, 46, 63],False
[41, 63, 97, 84],[64, 79, 46, 60, 20],True
[135, 86, 94, 60],[44, 63, 16, 64, 4],True
[10, 102, 97, 119],[129, 44, 68, 52, 3],False
[91, 79, 129, 39],[84, 128, 43, 42, 13],False
[64, 12, 129, 58],[86, 39, 10, 3, 38],False
[23, 121, 31, 29],[6, 80, 38, 123, 84],True
[100, 94, 64, 87],[39, 25, 104, 123, 102],True
[3, 114, 88, 104],[23, 2, 63, 94, 84],True
[3, 42, 33, 88],[101, 25, 71, 104, 53],True
[70, 111, 63, 129],[71, 39, 42, 120, 85],True
[111, 42, 119, 129],[52, 8, 71, 31, 121],False
[3, 39, 47, 88],[46, 104, 84, 63, 25],True
[9, 44, 23, 84],[128, 63, 15, 71, 53],True
[87, 129, 91, 94],[101, 3, 126, 71, 15],False
[1, 129, 86, 102],[94, 11, 60, 121, 64],True
[42, 104, 14, 75],[64, 54, 129, 126, 3],False
[47, 100, 43, 44],[26, 25, 129, 79, 15],False
[62, 41, 64, 100],[88, 46, 96, 39, 112],True
[10, 121, 41, 84],[88, 25, 42, 112, 23],True
[7, 39, 79, 44],[114, 25, 121, 86, 71],False
[16, 64, 23, 3],[121, 114, 60, 79, 123],True
[95, 102, 63, 38],[64, 60, 3, 39, 70],False
[87, 29, 107, 42],[102, 46, 52, 60, 63],False
[4, 21, 38, 29],[84, 114, 97, 69, 46],False
[55, 88, 30, 48],[63, 25, 4, 71, 106],True
[128, 26, 60, 46],[129, 17, 64, 91, 95],False
[86, 72, 2, 91],[121, 14, 39, 71, 48],True
[79, 44, 2, 63],[87, 3, 23, 60, 42],False
[10, 86, 3, 16],[107, 64, 23, 63, 1],False
[23, 43, 12, 79],[128, 25, 114, 83, 129],False
[83, 128, 104, 15],[129, 98, 114, 56, 47],False
[64, 129, 4, 63],[88, 76, 123, 16, 41],True
[26, 123, 109, 129],[25, 14, 3, 2, 8],True
[58, 109, 26, 23],[13, 63, 48, 104, 62],True
[46, 84, 128, 23],[48, 49, 25, 36, 3],True
[64, 27, 94, 29],[54, 102, 13, 86, 104],False
[40, 62, 14, 34],[8, 64, 25, 51, 107],True
[44, 102, 3, 2],[87, 39, 4, 77, 88],False
[43, 98, 26, 42],[13, 79, 128, 129, 1],True
[31, 128, 2, 109],[114, 129, 106, 102, 41],False
[101, 86, 44, 29],[70, 121, 43, 69, 88],False
[129, 84, 39, 119],[42, 76, 71, 9, 121],True
[79, 26, 29, 114],[71, 65, 43, 63, 94],False
[40, 29, 10, 26],[70, 7, 78, 79, 39],True
[87, 98, 63, 89],[83, 44, 129, 106, 91],False
[94, 3, 29, 128],[98, 88, 42, 63, 45],False
[3, 53, 120, 100],[41, 121, 101, 16, 126],True
[85, 81, 38, 43],[66, 16, 46, 15, 83],False
[86, 126, 46, 29],[84, 63, 43, 129, 23],False
[129, 87, 89, 63],[38, 48, 86, 3, 39],False
[83, 48, 98, 3],[64, 38, 39, 9, 46],False
[128, 29, 12, 84],[109, 39, 79, 71, 43],False
[86, 135, 42, 84],[63, 60, 6, 25, 64],True
[112, 64, 94, 100],[15, 84, 60, 90, 63],False
[79, 128, 129, 41],[42, 71, 121, 26, 106],False
[55, 75, 60, 88],[98, 3, 126, 94, 105],False
[119, 11, 129, 70],[86, 48, 2, 39, 87],True
[44, 97, 39, 84],[6, 9, 50, 13, 60],True
[102, 59, 4, 71],[58, 29, 98, 46, 63],True
[119, 56, 2, 91],[32, 104, 76, 121, 84],True
[96, 94, 9, 112],[25, 86, 60, 23, 14],True
[65, 128, 129, 12],[106, 26, 94, 135, 20],False
[87, 4, 77, 88],[39, 46, 38, 119, 102],True
[76, 42, 43, 86],[79, 44, 29, 26, 52],False
[84, 39, 129, 79],[3, 41, 60, 9, 25],False
[79, 120, 119, 109],[71, 34, 26, 45, 42],False
[100, 60, 63, 1],[87, 42, 38, 91, 17],False
[48, 84, 128, 75],[52, 94, 3, 119, 129],False
[26, 101, 104, 109],[128, 126, 42, 121, 77],False
[91, 72, 86, 104],[107, 15, 85, 64, 25],False
[86, 104, 63, 84],[70, 26, 39, 64, 21],False
[87, 28, 1, 91],[23, 21, 93, 101, 31],True
[128, 112, 42, 43],[46, 84, 38, 10, 88],False
[111, 86, 55, 99],[34, 39, 42, 123, 63],False
[94, 84, 71, 63],[43, 27, 39, 6, 64],False
[42, 29, 112, 128],[2, 25, 80, 63, 86],False
[58, 15, 29, 63],[81, 52, 38, 27, 91],False
[39, 38, 30, 94],[81, 25, 61, 3, 66],False
[91, 29, 19, 101],[15, 83, 129, 119, 52],False
[85, 6, 128, 29],[96, 101, 48, 84, 39],False
[4, 38, 63, 27],[44, 39, 55, 88, 5],False
[129, 42, 63, 119],[9, 23, 98, 44, 3],False
[44, 65, 63, 79],[71, 126, 23, 3, 121],False
[48, 71, 27, 83],[87, 6, 39, 114, 76],False
[23, 29, 63, 27],[3, 114, 106, 121, 71],False
[46, 71, 128, 121],[9, 17, 55, 3, 10],False
[1, 9, 129, 3],[42, 79, 13, 84, 39],False
[9, 10, 3, 129],[39, 42, 84, 60, 128],True
[9, 16, 3, 42],[128, 23, 71, 48, 102],True
[9, 48, 60, 91],[25, 129, 39, 11, 102],True
[63, 88, 129, 44],[91, 128, 120, 70, 17],False
[3, 9, 129, 1],[64, 17, 42, 100, 43],False
[43, 33, 114, 98],[9, 64, 86, 129, 70],False
[51, 119, 120, 15],[13, 129, 9, 3, 10],False
[63, 114, 104, 10],[29, 9, 106, 120, 94],False
[64, 129, 63, 48],[75, 25, 98, 3, 15],False
[87, 29, 10, 63],[3, 64, 76, 25, 114],False
[83, 39, 86, 8],[87, 76, 32, 43, 88],True
[87, 63, 89, 38],[61, 17, 128, 91, 72],False
[75, 49, 6, 86],[76, 3, 23, 88, 39],True
[54, 79, 129, 128],[121, 42, 71, 69, 23],False
[71, 60, 84, 121],[85, 79, 120, 23, 4],False
[3, 70, 29, 86],[63, 87, 120, 23, 39],False
[129, 31, 46, 121],[11, 2, 84, 30, 48],True
[12, 86, 121, 71],[10, 129, 63, 16, 84],False
[9, 3, 23, 129],[87, 47, 8, 107, 43],True
[42, 112, 29, 101],[78, 80, 63, 87, 25],False
[121, 32, 120, 123],[79, 104, 44, 107, 64],True
[38, 23, 79, 3],[135, 106, 48, 100, 43],False
[103, 26, 56, 71],[106, 128, 129, 102, 81],False
[41, 107, 58, 77],[71, 25, 3, 105, 120],False
[121, 86, 108, 93],[23, 94, 87, 100, 17],False
[129, 94, 26, 3],[52, 42, 121, 38, 91],False
[100, 58, 78, 114],[87, 126, 47, 59, 88],True
[46, 128, 2, 64],[129, 39, 87, 45, 123],True
[6, 85, 129, 128],[2, 25, 99, 105, 3],False
[20, 60, 54, 112],[63, 64, 126, 76, 15],False
[64, 18, 63, 77],[41, 121, 58, 60, 106],False
[107, 135, 128, 18],[75, 61, 43, 26, 42],False
[1, 86, 126, 85],[47, 95, 31, 128, 129],False
[94, 65, 83, 120],[7, 77, 121, 39, 46],True
[46, 19, 43, 57],[106, 98, 39, 68, 48],False
[58, 9, 18, 16],[48, 19, 66, 91, 120],True
[2, 5, 110, 54],[32, 19, 120, 57, 10],False
[66, 19, 21, 54],[9, 17, 75, 44, 23],False
[121, 49, 99, 63],[101, 129, 102, 6, 23],True
[54, 71, 110, 66],[89, 120, 86, 65, 64],False
[36, 66, 7, 19],[95, 83, 52, 16, 112],True
[43, 109, 100, 66],[94, 39, 96, 9, 64],False
[121, 107, 8, 47],[81, 43, 25, 128, 31],False
[84, 45, 49, 54],[128, 55, 126, 19, 88],False
[60, 8, 128, 87],[44, 32, 121, 52, 57],True
[86, 42, 19, 64],[94, 79, 43, 16, 9],False
[135, 87, 26, 6],[16, 64, 91, 52, 44],False
[54, 66, 86, 38],[9, 28, 70, 23, 121],False
[16, 20, 10, 107],[100, 108, 50, 94, 43],False
[86, 12, 129, 63],[4, 28, 64, 91, 65],False
[120, 44, 57, 63],[27, 43, 8, 19, 87],False
[66, 109, 98, 86],[69, 102, 52, 47, 114],False
[19, 97, 119, 57],[42, 128, 60, 46, 64],False
[43, 44, 60, 29],[41, 120, 86, 46, 64],False
[9, 16, 91, 19],[94, 100, 40, 121, 106],False
[63, 2, 54, 105],[57, 135, 114, 107, 64],False
[121, 88, 114, 35],[128, 6, 47, 107, 23],True
[15, 94, 64, 88],[78, 54, 86, 69, 128],True
[121, 71, 100, 53],[126, 94, 129, 64, 26],False
[42, 31, 129, 33],[75, 1, 60, 86, 112],True
[120, 84, 39, 94],[102, 129, 101, 21, 12],True
[135, 69, 86, 1],[88, 104, 106, 121, 94],False
[71, 83, 121, 10],[35, 64, 129, 44, 101],True
[84, 94, 65, 119],[14, 71, 121, 101, 6],True
[57, 41, 129, 105],[43, 19, 79, 97, 128],False
[57, 119, 41, 104],[39, 19, 97, 86, 3],True
[86, 129, 2, 19],[3, 105, 36, 42, 55],False
[81, 128, 43, 38],[79, 83, 39, 19, 78],False
[84, 19, 101, 49],[29, 48, 83, 86, 98],True
[84, 19, 22, 51],[39, 48, 112, 86, 7],True
[86, 85, 120, 44],[42, 71, 121, 101, 19],False
[41, 121, 3, 77],[114, 129, 5, 11, 112],True
[120, 86, 48, 121],[12, 5, 2, 43, 101],False
[5, 41, 129, 101],[121, 25, 49, 43, 44],True
[58, 98, 32, 42],[46, 57, 106, 129, 86],False
[91, 19, 68, 71],[63, 66, 121, 129, 45],False
[110, 19, 112, 96],[45, 9, 66, 29, 94],False
[19, 3, 1, 129],[38, 46, 45, 58, 64],False
[20, 18, 105, 129],[39, 26, 57, 104, 42],False
[107, 5, 43, 44],[25, 126, 79, 96, 42],False
[1, 29, 128, 71],[17, 85, 26, 104, 42],False
[54, 121, 129, 86],[101, 106, 38, 57, 19],False
[53, 106, 58, 12],[128, 39, 18, 104, 100],False
[85, 101, 16, 93],[86, 43, 72, 39, 1],False
[129, 8, 123, 68],[43, 40, 46, 19, 7],False
[54, 98, 79, 128],[19, 96, 52, 20, 7],False
[33, 42, 71, 121],[87, 17, 60, 56, 57],False
[26, 18, 120, 85],[71, 91, 53, 61, 19],False
[60, 31, 59, 119],[7, 39, 42, 36, 84],True
[71, 48, 3, 128],[102, 17, 53, 88, 91],False
[79, 81, 16, 123],[3, 106, 39, 86, 96],False
[15, 19, 66, 119],[54, 101, 57, 126, 28],False
[79, 1, 91, 129],[107, 39, 40, 43, 19],False
[65, 85, 119, 19],[98, 9, 52, 91, 100],False
[128, 28, 114, 58],[57, 52, 95, 9, 120],False
[63, 72, 16, 79],[38, 86, 39, 114, 87],False
[68, 9, 129, 81],[84, 32, 46, 98, 128],False
[84, 12, 119, 29],[91, 52, 96, 46, 79],True
[94, 39, 3, 51],[72, 106, 71, 114, 123],False
[64, 49, 120, 4],[121, 71, 29, 114, 87],True
[98, 121, 85, 54],[19, 91, 107, 6, 66],True
[55, 63, 51, 19],[58, 4, 46, 69, 79],False
[109, 50, 51, 23],[68, 126, 129, 119, 1],True
[51, 19, 123, 71],[84, 70, 46, 27, 16],False
[101, 71, 128, 41],[5, 23, 76, 43, 79],True
[91, 129, 27, 8],[31, 23, 106, 107, 53],False
[114, 29, 85, 109],[66, 25, 46, 19, 98],False
[3, 59, 52, 129],[86, 104, 17, 123, 109],True
[109, 129, 87, 91],[47, 90, 42, 84, 100],False
[57, 43, 23, 114],[91, 47, 19, 17, 71],False
[76, 66, 51, 19],[27, 129, 46, 15, 83],False
[104, 85, 110, 72],[91, 129, 13, 95, 27],False
[79, 98, 95, 33],[3, 1, 23, 97, 9],False
[46, 105, 100, 36],[3, 23, 38, 19, 6],False
[119, 29, 95, 57],[3, 114, 106, 16, 91],False
[9, 94, 19, 85],[108, 1, 86, 121, 13],False
[86, 8, 96, 84],[59, 57, 60, 27, 126],False
[84, 92, 100, 6],[86, 13, 3, 96, 42],False
[129, 95, 85, 100],[126, 104, 101, 81, 91],False
[114, 91, 1, 47],[102, 129, 72, 101, 106],False
[123, 72, 91, 38],[129, 112, 120, 43, 81],False
[19, 84, 120, 110],[48, 126, 21, 98, 79],False
[26, 120, 94, 28],[83, 1, 9, 106, 43],False
[79, 10, 129, 9],[106, 128, 54, 3, 120],False
[81, 49, 3, 101],[25, 44, 29, 63, 57],False
[43, 101, 106, 129],[31, 17, 9, 98, 54],False
[79, 48, 16, 114],[23, 76, 72, 51, 19],False
[10, 9, 16, 3],[51, 19, 57, 43, 40],False
[41, 64, 58, 60],[106, 94, 40, 63, 14],False
[104, 58, 114, 90],[79, 55, 42, 43, 107],False
[29, 19, 123, 84],[106, 49, 43, 23, 85],False
[104, 101, 83, 109],[135, 100, 43, 39, 94],False
[43, 98, 114, 59],[19, 104, 45, 63, 105],False
[3, 19, 16, 62],[123, 63, 100, 126, 42],False
[19, 51, 86, 120],[129, 44, 31, 26, 25],False
[19, 87, 62, 114],[15, 52, 9, 98, 79],False
[107, 63, 120, 121],[10, 17, 78, 114, 3],False
[38, 19, 91, 101],[112, 100, 106, 43, 8],False
[114, 63, 38, 46],[3, 58, 19, 78, 126],False
[128, 41, 79, 114],[86, 19, 84, 13, 43],True
[3, 19, 63, 57],[58, 46, 100, 36, 43],False
[104, 23, 101, 79],[43, 107, 39, 60, 12],False
[110, 5, 46, 129],[12, 47, 43, 84, 19],False
[12, 86, 1, 3],[94, 91, 92, 78, 119],False
[41, 63, 43, 29],[102, 72, 126, 16, 123],False
[128, 65, 57, 81],[64, 46, 45, 79, 96],False
[84, 129, 19, 110],[85, 23, 60, 123, 70],False
[79, 81, 23, 27],[47, 13, 61, 89, 114],False
[84, 19, 60, 86],[121, 129, 42, 25, 9],True
[3, 23, 98, 58],[21, 121, 19, 76, 104],False
[47, 123, 104, 70],[26, 6, 23, 43, 100],True
[94, 119, 98, 3],[23, 8, 121, 45, 71],False
[92, 80, 107, 129],[7, 76, 8, 64, 98],True
[83, 44, 128, 69],[43, 23, 15, 88, 57],False
[56, 128, 57, 61],[38, 80, 120, 68, 89],False
[83, 44, 69, 128],[43, 23, 88, 15, 57],False
[58, 19, 16, 9],[104, 129, 123, 15, 85],False
[84, 1, 114, 120],[129, 21, 86, 15, 57],False
[83, 120, 19, 121],[129, 23, 44, 128, 85],False
[87, 19, 119, 104],[121, 25, 129, 1, 9],True
[43, 51, 93, 47],[32, 64, 40, 46, 83],False
[12, 119, 16, 102],[106, 120, 87, 9, 1],True
[66, 87, 120, 12],[129, 123, 2, 46, 39],True
[106, 29, 66, 128],[129, 126, 85, 63, 6],False
[3, 16, 114, 9],[47, 120, 86, 1, 23],False
[120, 72, 96, 91],[104, 100, 68, 64, 19],False
[78, 19, 79, 128],[83, 43, 23, 9, 109],False
[71, 109, 29, 121],[104, 13, 119, 94, 120],False
[85, 94, 98, 3],[129, 19, 87, 91, 65],False
[9, 3, 129, 54],[28, 63, 64, 42, 106],False
[66, 79, 16, 12],[94, 39, 71, 85, 76],False
[57, 29, 86, 19],[11, 48, 2, 119, 64],False
[26, 7, 58, 94],[66, 39, 38, 1, 84],True
[129, 84, 79, 19],[56, 106, 98, 85, 123],False
[56, 43, 100, 78],[79, 1, 129, 3, 13],False
[46, 107, 85, 120],[10, 78, 84, 106, 128],False
[84, 99, 29, 86],[8, 107, 96, 64, 23],False
[100, 85, 29, 94],[91, 27, 106, 72, 38],False
[91, 129, 19, 9],[45, 106, 128, 94, 86],False
[3, 77, 9, 19],[100, 87, 15, 80, 43],False
[79, 19, 60, 91],[120, 18, 105, 87, 23],False
[63, 120, 78, 81],[26, 47, 106, 114, 4],False
[110, 48, 75, 129],[19, 13, 49, 3, 121],True
[19, 107, 60, 3],[76, 2, 123, 26, 42],False
[121, 51, 120, 52],[3, 106, 76, 123, 129],False
[19, 60, 84, 79],[16, 120, 9, 109, 3],False
[38, 63, 109, 43],[106, 114, 79, 128, 12],False
[19, 63, 38, 53],[114, 32, 56, 3, 47],False
[1, 71, 87, 86],[23, 121, 70, 55, 88],True
[43, 121, 51, 70],[63, 71, 60, 25, 3],False
[121, 7, 55, 10],[45, 3, 71, 23, 126],False
[46, 88, 86, 120],[63, 42, 123, 16, 126],False
[68, 70, 9, 129],[64, 19, 23, 83, 43],False
[3, 79, 129, 8],[26, 109, 106, 43, 16],False
[27, 80, 100, 36],[19, 84, 28, 91, 46],True
[84, 49, 94, 79],[23, 107, 43, 87, 6],True
[43, 128, 60, 44],[129, 114, 11, 86, 119],True
[123, 28, 43, 94],[4, 81, 121, 64, 1],True
[41, 60, 107, 75],[64, 44, 2, 45, 46],True
[113, 34, 33, 84],[8, 60, 27, 13, 31],True
[23, 3, 129, 101],[81, 86, 121, 60, 52],True
[7, 42, 40, 63],[106, 43, 120, 121, 70],False
[3, 129, 86, 56],[60, 23, 128, 57, 46],False
[9, 42, 129, 121],[19, 36, 79, 66, 29],False
[94, 20, 129, 64],[128, 44, 76, 114, 17],False
[91, 21, 9, 48],[119, 25, 112, 129, 42],False
[112, 60, 86, 12],[4, 121, 126, 94, 57],False
[7, 43, 94, 3],[129, 15, 121, 123, 17],False
[129, 48, 51, 9],[109, 16, 105, 65, 64],True
[19, 16, 123, 121],[10, 106, 36, 107, 3],False
[57, 114, 79, 19],[58, 41, 43, 120, 40],False
[43, 63, 107, 72],[58, 96, 126, 109, 90],False
[16, 64, 51, 94],[84, 129, 46, 20, 58],False
[16, 123, 42, 58],[48, 3, 43, 129, 9],False
[121, 128, 78, 19],[21, 43, 79, 16, 52],False
[48, 79, 128, 104],[23, 70, 100, 16, 9],False
[119, 31, 70, 129],[16, 36, 8, 121, 43],True
[21, 79, 94, 84],[20, 6, 120, 87, 83],True
[55, 84, 107, 6],[38, 13, 105, 48, 121],False
[70, 53, 64, 79],[126, 57, 49, 101, 72],True
[84, 32, 15, 26],[23, 63, 36, 49, 75],False
[27, 59, 40, 112],[91, 72, 120, 43, 123],True
[87, 53, 6, 69],[121, 123, 104, 100, 12],True
[51, 63, 104, 94],[1, 58, 45, 43, 71],False
[23, 84, 19, 63],[121, 92, 1, 112, 129],True
[121, 69, 8, 86],[43, 42, 25, 57, 51],False
[52, 27, 51, 59],[54, 106, 85, 101, 129],True
[63, 121, 44, 104],[9, 20, 72, 101, 129],False
[128, 42, 100, 4],[83, 2, 41, 22, 27],False
[129, 54, 128, 63],[28, 23, 121, 9, 106],False
[121, 87, 16, 114],[91, 123, 17, 76, 48],False
[104, 19, 84, 101],[69, 94, 95, 123, 64],True
[91, 121, 49, 99],[43, 114, 110, 129, 3],True
[43, 48, 119, 72],[44, 106, 9, 16, 121],False
[58, 19, 98, 95],[135, 109, 29, 9, 39],False
[47, 19, 108, 9],[89, 106, 60, 58, 25],False
[106, 58, 77, 50],[70, 22, 2, 78, 128],True
[19, 3, 42, 121],[84, 43, 60, 101, 94],True
[19, 129, 121, 91],[88, 36, 96, 123, 94],False
[19, 27, 16, 84],[44, 17, 47, 91, 121],False
[47, 71, 80, 5],[121, 25, 128, 129, 70],True
[121, 44, 57, 71],[5, 106, 16, 9, 1],True
[79, 86, 129, 56],[27, 54, 57, 106, 97],True
[57, 18, 61, 121],[43, 107, 3, 79, 4],True
[3, 9, 42, 36],[68, 49, 63, 19, 126],True
[1, 29, 123, 58],[70, 126, 49, 86, 121],False
[16, 91, 72, 9],[7, 126, 94, 26, 87],True
[78, 58, 43, 42],[49, 63, 25, 121, 57],False
[94, 91, 98, 26],[101, 126, 49, 84, 19],True
[90, 44, 123, 78],[91, 72, 19, 43, 114],False
[85, 129, 119, 114],[43, 41, 49, 91, 101],True
[3, 9, 59, 129],[90, 106, 108, 119, 42],False
[3, 129, 63, 123],[9, 58, 23, 126, 38],False
[120, 90, 109, 84],[46, 17, 129, 121, 58],False
[43, 38, 63, 19],[123, 126, 44, 85, 16],False
[58, 81, 119, 36],[91, 69, 22, 121, 19],True
[60, 100, 58, 19],[11, 69, 84, 27, 48],False
[114, 47, 91, 72],[20, 126, 16, 43, 94],False
[120, 58, 47, 23],[27, 48, 129, 106, 128],False
[58, 49, 27, 6],[13, 111, 54, 43, 51],False
[120, 58, 119, 19],[94, 100, 23, 102, 63],False
[36, 58, 54, 64],[106, 10, 49, 9, 57],False
[63, 19, 65, 72],[41, 39, 36, 3, 114],False
[10, 58, 120, 79],[19, 106, 16, 9, 26],False
[68, 19, 49, 128],[15, 106, 36, 129, 91],False
[121, 123, 16, 94],[43, 86, 96, 45, 19],False
[105, 97, 107, 27],[51, 16, 25, 121, 8],True
[95, 85, 107, 36],[19, 76, 121, 25, 70],False
[100, 41, 128, 16],[20, 25, 77, 14, 58],False
[42, 85, 36, 101],[19, 16, 45, 90, 17],False
[112, 63, 16, 54],[45, 85, 107, 101, 41],False
[102, 107, 36, 72],[3, 23, 126, 9, 16],False
[48, 112, 64, 16],[60, 44, 87, 84, 126],False
[38, 111, 107, 114],[16, 121, 105, 77, 8],True
[35, 129, 19, 50],[79, 135, 38, 109, 39],False
[85, 29, 27, 19],[46, 39, 121, 16, 84],False
[84, 129, 86, 41],[8, 106, 128, 49, 121],False
[90, 107, 55, 52],[29, 3, 54, 45, 128],False
[46, 129, 88, 63],[94, 16, 9, 43, 23],False
[94, 88, 3, 16],[46, 11, 129, 66, 51],False
[41, 97, 64, 27],[105, 17, 107, 62, 67],False
[49, 43, 114, 123],[83, 94, 45, 121, 16],False
[129, 36, 79, 23],[43, 19, 126, 101, 120],False
[64, 16, 94, 101],[19, 43, 1, 111, 123],False
[3, 38, 123, 19],[20, 94, 98, 90, 27],False
[90, 51, 19, 55],[3, 10, 120, 126, 123],False
[58, 63, 16, 10],[128, 13, 48, 19, 3],False
[44, 121, 19, 45],[15, 13, 43, 63, 107],False
[70, 19, 121, 79],[126, 27, 54, 43, 3],False
[44, 120, 63, 58],[16, 36, 23, 123, 3],False
[84, 129, 79, 109],[86, 43, 8, 114, 120],False
[58, 44, 114, 36],[107, 53, 8, 43, 19],False
[19, 77, 9, 3],[90, 43, 129, 94, 58],False
[29, 111, 89, 9],[126, 20, 98, 70, 100],True
[128, 98, 8, 33],[91, 72, 106, 88, 65],False
[48, 123, 91, 129],[16, 72, 90, 121, 15],True
[106, 107, 43, 16],[114, 25, 3, 49, 101],False
[19, 129, 9, 79],[58, 54, 120, 27, 46],False
[29, 27, 72, 58],[5, 79, 17, 42, 16],False
[97, 12, 83, 86],[20, 78, 9, 94, 100],False
[8, 129, 21, 43],[13, 121, 120, 66, 1],False
[41, 43, 107, 3],[120, 90, 38, 10, 72],False
[83, 71, 111, 46],[101, 22, 14, 104, 34],True
[45, 19, 88, 92],[90, 23, 72, 16, 79],False
[129, 128, 111, 59],[19, 97, 123, 83, 108],True
[3, 59, 9, 71],[58, 70, 64, 106, 120],True
[85, 20, 36, 71],[43, 10, 106, 38, 123],True
[3, 19, 123, 16],[39, 10, 63, 29, 84],False
[15, 69, 121, 51],[45, 9, 48, 129, 126],False
[19, 3, 90, 44],[54, 64, 120, 43, 123],True
[110, 129, 87, 114],[4, 106, 19, 46, 123],False
[85, 95, 101, 129],[16, 12, 121, 45, 49],False
[63, 72, 90, 49],[114, 43, 96, 41, 58],False
[85, 19, 59, 101],[3, 129, 35, 110, 46],False
[85, 16, 48, 101],[128, 106, 104, 19, 123],True
[19, 43, 3, 7],[121, 10, 17, 107, 104],False
[41, 120, 66, 64],[4, 3, 121, 13, 43],False
[19, 38, 79, 3],[120, 85, 43, 4, 126],False
[41, 86, 120, 85],[63, 121, 126, 19, 29],False
[123, 19, 66, 38],[5, 36, 16, 9, 99],False
[88, 16, 48, 123],[90, 17, 19, 85, 129],False
[53, 107, 58, 114],[20, 106, 79, 72, 120],False
[27, 15, 83, 41],[1, 17, 129, 91, 3],False
[16, 94, 26, 87],[59, 123, 43, 49, 57],False
[121, 108, 53, 86],[52, 81, 64, 120, 63],False
[43, 16, 51, 70],[9, 68, 106, 49, 19],False
[106, 49, 119, 50],[68, 43, 16, 13, 81],False
[9, 16, 1, 91],[43, 120, 54, 72, 28],True
[54, 101, 121, 36],[45, 3, 25, 15, 19],False
[85, 19, 44, 119],[43, 3, 120, 90, 6],True
[51, 15, 49, 71],[3, 46, 23, 129, 9],True
[3, 51, 90, 42],[44, 43, 57, 16, 88],True
[8, 129, 9, 43],[36, 68, 126, 7, 44],False
[32, 109, 121, 22],[129, 84, 26, 39, 48],True
[58, 128, 60, 19],[94, 90, 40, 72, 88],True
[36, 95, 119, 83],[11, 89, 110, 7, 31],True
[46, 66, 126, 128],[53, 119, 2, 43, 26],True
[59, 66, 84, 126],[89, 50, 36, 79, 13],True
[81, 121, 16, 91],[25, 72, 86, 3, 29],False
[135, 57, 99, 86],[22, 41, 3, 120, 43],True
[42, 43, 33, 129],[100, 49, 6, 107, 68],False
[27, 9, 8, 129],[109, 90, 3, 49, 43],False
[109, 16, 45, 101],[19, 22, 20, 90, 49],False
[44, 43, 3, 90],[17, 15, 98, 121, 107],False
[27, 40, 91, 19],[58, 38, 50, 36, 114],False
[86, 36, 32, 85],[64, 120, 90, 61, 10],True
[17, 102, 86, 19],[3, 1, 25, 36, 23],True
[3, 120, 27, 1],[94, 129, 9, 102, 106],False
[79, 85, 129, 109],[63, 17, 19, 60, 43],False
[42, 128, 45, 16],[86, 90, 129, 3, 1],False
[43, 19, 16, 9],[129, 128, 94, 13, 85],False
[120, 90, 81, 27],[135, 110, 46, 17, 129],False
[45, 129, 123, 48],[81, 23, 16, 101, 85],False
[16, 51, 101, 56],[42, 129, 85, 90, 43],False
[72, 49, 79, 91],[90, 25, 64, 80, 84],False
[89, 28, 41, 31],[114, 46, 23, 121, 49],True
[19, 64, 29, 91],[121, 36, 51, 11, 23],True
[48, 43, 51, 84],[19, 13, 45, 32, 96],False
[102, 19, 16, 101],[3, 129, 23, 90, 94],True
[75, 49, 114, 9],[48, 23, 129, 101, 3],False
[1, 58, 129, 128],[123, 29, 109, 90, 17],False
[35, 36, 58, 14],[79, 43, 85, 98, 94],False
[35, 16, 86, 123],[121, 70, 27, 17, 2],True
[120, 19, 45, 123],[90, 16, 39, 72, 20],False
[128, 46, 58, 7],[9, 49, 6, 22, 83],True
[70, 128, 87, 49],[90, 45, 129, 19, 54],False
[29, 19, 112, 123],[48, 43, 16, 91, 101],False
[129, 19, 90, 79],[64, 80, 16, 8, 58],False
[43, 109, 98, 9],[5, 17, 12, 79, 49],False
[103, 55, 5, 81],[101, 87, 19, 86, 104],False
[68, 19, 129, 123],[23, 43, 106, 45, 107],False
[54, 88, 85, 92],[109, 90, 101, 49, 3],False
[21, 121, 44, 100],[128, 7, 46, 102, 36],True
[43, 3, 83, 19],[46, 39, 16, 63, 68],False
[26, 104, 101, 15],[81, 84, 47, 120, 90],False
[81, 129, 91, 9],[23, 43, 90, 98, 13],False
[69, 41, 19, 121],[100, 58, 120, 43, 46],False
[46, 101, 16, 45],[9, 129, 23, 94, 68],False
[23, 9, 16, 85],[90, 19, 129, 114, 102],False
[63, 104, 101, 85],[45, 13, 64, 46, 114],False
[84, 28, 86, 19],[121, 104, 101, 45, 95],False
[43, 100, 86, 41],[19, 68, 123, 16, 49],False
[1, 123, 79, 80],[70, 16, 112, 17, 101],False
[27, 105, 71, 80],[58, 20, 45, 23, 114],False
[121, 43, 54, 16],[58, 19, 119, 15, 129],True
[102, 109, 16, 105],[31, 98, 49, 123, 80],False
[72, 49, 123, 91],[16, 17, 46, 90, 87],False
[3, 4, 33, 58],[46, 43, 63, 101, 81],True
[36, 84, 101, 81],[85, 19, 121, 16, 25],False
[1, 65, 123, 47],[93, 121, 97, 16, 43],False
[45, 20, 29, 123],[3, 47, 120, 114, 43],True
[45, 49, 81, 9],[79, 43, 104, 19, 91],True
[48, 104, 62, 105],[3, 49, 23, 101, 126],False
[98, 114, 85, 26],[58, 72, 129, 19, 101],False
[72, 23, 79, 16],[121, 60, 62, 128, 45],False
[31, 49, 93, 84],[107, 46, 98, 68, 126],True
[120, 46, 26, 104],[72, 101, 43, 42, 49],False
[121, 123, 70, 120],[27, 16, 4, 90, 25],False
[81, 84, 108, 66],[85, 49, 16, 36, 12],False
[66, 20, 81, 90],[123, 58, 49, 114, 106],True
[109, 102, 120, 78],[100, 33, 47, 114, 19],False
[54, 16, 123, 51],[73, 120, 58, 23, 43],False
[109, 3, 101, 129],[44, 17, 27, 85, 120],True
[123, 19, 29, 78],[86, 126, 49, 70, 121],True
[81, 101, 49, 91],[114, 85, 59, 86, 7],False
[23, 120, 101, 43],[9, 96, 16, 94, 68],False
[3, 19, 121, 16],[100, 10, 69, 102, 123],False
[121, 27, 12, 60],[100, 19, 52, 88, 43],False
[23, 64, 44, 29],[51, 87, 19, 120, 128],True
[8, 88, 129, 85],[23, 16, 128, 9, 41],False
[46, 96, 3, 123],[49, 126, 9, 19, 45],False
[44, 85, 64, 57],[107, 40, 21, 46, 36],False
[98, 86, 19, 3],[75, 29, 9, 5, 126],False
[72, 16, 43, 9],[58, 23, 94, 128, 49],False
[101, 95, 49, 123],[88, 58, 76, 81, 36],False
[129, 31, 48, 119],[20, 109, 85, 39, 16],True
[90, 49, 44, 114],[9, 46, 86, 19, 120],False
[59, 92, 55, 129],[45, 51, 20, 43, 94],False
[71, 3, 94, 27],[109, 58, 9, 129, 106],False
[58, 114, 43, 23],[21, 25, 38, 106, 3],False
[106, 71, 121, 43],[64, 44, 11, 120, 66],True
[81, 107, 80, 91],[37, 38, 121, 67, 43],True
[19, 120, 43, 58],[128, 121, 36, 14, 4],False
[43, 19, 38, 107],[42, 39, 36, 13, 79],False
[56, 3, 129, 128],[84, 19, 38, 123, 49],False
[58, 6, 100, 51],[25, 23, 4, 3, 119],True
[16, 85, 54, 123],[94, 129, 126, 121, 84],False
[100, 84, 36, 19],[16, 126, 9, 79, 10],False
[109, 123, 16, 79],[52, 100, 43, 94, 102],False
[31, 44, 119, 129],[86, 19, 121, 110, 64],False
[49, 46, 9, 121],[123, 72, 60, 52, 94],False
[101, 48, 16, 92],[86, 135, 57, 97, 19],False
[90, 86, 19, 120],[16, 45, 15, 41, 64],False
[81, 96, 58, 9],[12, 104, 90, 107, 19],False
[85, 49, 4, 101],[58, 121, 129, 16, 81],False
[94, 78, 101, 58],[109, 84, 13, 9, 16],False
[81, 49, 58, 105],[9, 16, 29, 3, 109],False
[79, 16, 10, 26],[23, 17, 45, 119, 96],False
[1, 7, 55, 135],[90, 111, 95, 16, 43],True
[3, 78, 81, 27],[19, 120, 121, 90, 60],False
[98, 123, 3, 56],[51, 58, 19, 40, 106],False
[123, 1, 49, 91],[3, 43, 28, 120, 8],False
[84, 53, 59, 107],[114, 15, 55, 46, 3],False
[19, 43, 107, 3],[44, 39, 120, 79, 64],False
[95, 119, 16, 9],[2, 94, 86, 43, 90],False
[58, 63, 120, 42],[45, 27, 17, 60, 4],False
[128, 42, 38, 3],[49, 20, 97, 90, 46],True
[49, 64, 42, 9],[100, 84, 43, 52, 19],True
[46, 27, 3, 69],[41, 106, 49, 90, 83],False
[59, 45, 78, 85],[84, 39, 129, 101, 8],True
[53, 129, 119, 110],[6, 81, 43, 30, 63],False
[53, 114, 113, 63],[36, 13, 45, 83, 19],False
[94, 29, 110, 83],[10, 114, 129, 46, 43],False
[9, 3, 98, 129],[51, 109, 58, 49, 120],False
[19, 121, 63, 76],[94, 129, 126, 90, 102],True
[72, 79, 91, 98],[15, 43, 23, 123, 83],True
[19, 76, 30, 9],[15, 49, 63, 121, 106],True
[23, 84, 80, 9],[39, 10, 126, 19, 79],True
[9, 58, 49, 94],[123, 121, 1, 16, 43],False
[73, 19, 84, 123],[39, 23, 112, 126, 87],False
[19, 129, 9, 57],[1, 79, 26, 98, 126],False
[12, 101, 129, 84],[16, 52, 90, 94, 45],False
[100, 42, 21, 121],[19, 36, 68, 43, 56],False
[100, 84, 129, 19],[70, 126, 16, 123, 45],False
[8, 49, 121, 51],[100, 129, 94, 27, 45],False
[64, 109, 49, 119],[46, 86, 126, 129, 57],False
[94, 45, 129, 105],[16, 25, 64, 10, 20],False
[19, 86, 78, 57],[17, 91, 94, 49, 101],False
[72, 123, 16, 8],[43, 46, 120, 45, 17],False
[43, 44, 36, 100],[3, 81, 19, 35, 15],False
[94, 123, 57, 29],[36, 49, 9, 45, 35],False
[70, 68, 105, 16],[98, 31, 52, 100, 1],False
[135, 48, 107, 26],[8, 50, 29, 75, 66],True
[25, 44, 46, 16],[14, 19, 64, 57, 17],True
[16, 42, 128, 26],[41, 81, 91, 70, 13],False
[42, 14, 47, 40],[25, 101, 49, 3, 8],False
[79, 101, 129, 10],[43, 3, 107, 94, 121],False
[81, 36, 88, 92],[102, 43, 120, 86, 94],False
[120, 8, 64, 121],[46, 39, 114, 15, 63],True
[6, 47, 120, 20],[49, 3, 101, 17, 94],False
[1, 19, 55, 68],[101, 17, 104, 36, 90],False
[57, 35, 129, 101],[100, 8, 79, 96, 47],True
[72, 123, 129, 46],[43, 94, 120, 121, 126],False
[94, 120, 27, 83],[48, 101, 17, 49, 91],False
[43, 120, 121, 94],[81, 68, 106, 52, 19],False
[16, 45, 63, 3],[86, 43, 7, 94, 51],False
[16, 79, 109, 85],[23, 6, 101, 129, 45],False
[1, 27, 31, 81],[85, 28, 23, 123, 94],False
[31, 28, 42, 9],[100, 17, 72, 121, 60],False
[43, 6, 3, 129],[94, 23, 16, 123, 85],False
[19, 79, 129, 121],[54, 9, 90, 45, 36],False
[41, 49, 101, 3],[12, 43, 120, 58, 38],False
[27, 23, 49, 123],[42, 91, 101, 120, 17],False
[85, 44, 16, 101],[12, 43, 9, 129, 17],False
[3, 120, 58, 94],[6, 106, 49, 9, 50],False
[81, 9, 87, 49],[16, 47, 58, 100, 94],False
[109, 120, 43, 3],[19, 9, 106, 129, 121],False
[41, 29, 128, 43],[91, 129, 17, 19, 58],False
[72, 108, 90, 135],[121, 109, 17, 81, 91],False
[112, 16, 94, 39],[79, 25, 2, 101, 19],False
[85, 109, 49, 58],[25, 81, 3, 9, 43],False
[87, 45, 81, 49],[123, 17, 23, 129, 90],False
[48, 19, 47, 16],[94, 129, 123, 126, 98],False
[41, 49, 19, 3],[91, 100, 94, 36, 17],False
[1, 120, 9, 58],[45, 121, 14, 106, 19],False
[128, 103, 88, 41],[90, 81, 111, 51, 39],True
[45, 107, 17, 42],[39, 114, 128, 98, 8],False
[94, 43, 79, 84],[92, 3, 121, 81, 19],False
[129, 123, 94, 27],[50, 17, 36, 114, 84],False
[70, 66, 121, 31],[13, 90, 20, 42, 19],True
[20, 109, 38, 90],[19, 23, 2, 26, 58],True
[102, 123, 129, 42],[3, 41, 98, 16, 9],True
[109, 129, 3, 123],[87, 28, 19, 91, 17],False
[7, 20, 120, 12],[15, 11, 121, 49, 51],False
[35, 101, 3, 49],[86, 43, 109, 29, 102],False
[45, 85, 129, 54],[90, 64, 42, 16, 123],False
[66, 42, 16, 9],[51, 5, 37, 8, 129],False
[121, 45, 81, 108],[64, 129, 79, 17, 92],False
[58, 81, 108, 91],[120, 13, 43, 94, 64],False
[45, 81, 108, 123],[3, 8, 129, 13, 121],False
[12, 101, 121, 16],[120, 126, 88, 94, 129],False
[64, 44, 91, 129],[47, 13, 81, 88, 58],True
[63, 4, 129, 3],[9, 16, 19, 51, 38],False
[3, 46, 49, 101],[19, 27, 90, 108, 17],False
[109, 26, 129, 45],[12, 13, 49, 123, 3],False
[44, 129, 26, 5],[46, 3, 114, 17, 120],False
[16, 64, 48, 26],[22, 1, 110, 129, 107],False
[3, 96, 27, 1],[51, 17, 58, 46, 69],False
[45, 49, 9, 94],[120, 43, 129, 59, 91],False
[7, 90, 36, 100],[85, 17, 19, 126, 88],False
[64, 91, 19, 2],[39, 54, 121, 100, 35],True
[89, 27, 85, 98],[43, 49, 36, 25, 58],False
[19, 43, 64, 120],[36, 4, 58, 3, 16],False
[44, 49, 27, 85],[10, 129, 123, 39, 9],False
[19, 72, 86, 16],[121, 15, 108, 106, 128],False
[84, 123, 49, 12],[129, 94, 17, 108, 27],False
[79, 123, 108, 19],[15, 98, 49, 9, 43],False
[58, 32, 3, 72],[129, 42, 88, 121, 22],False
[45, 49, 9, 19],[43, 27, 129, 36, 107],False
[3, 19, 49, 9],[85, 16, 10, 43, 90],False
[109, 49, 101, 3],[91, 98, 17, 58, 23],False
[129, 23, 123, 3],[36, 121, 90, 16, 81],False
[57, 49, 121, 8],[37, 56, 36, 11, 16],False
[110, 102, 108, 10],[114, 34, 81, 128, 3],False
[3, 46, 98, 16],[96, 53, 90, 17, 85],False
[42, 121, 101, 129],[90, 17, 46, 69, 123],False
[94, 83, 29, 128],[9, 72, 16, 8, 98],False
[9, 19, 79, 98],[81, 23, 121, 102, 120],False
[53, 81, 84, 128],[28, 50, 98, 25, 123],True
[109, 27, 108, 92],[42, 90, 17, 18, 50],False
[9, 59, 129, 112],[5, 42, 86, 16, 47],True
[49, 101, 3, 23],[90, 17, 114, 123, 69],False
[101, 121, 81, 49],[85, 19, 104, 106, 79],False
[53, 120, 135, 114],[70, 37, 25, 71, 96],True
[42, 129, 123, 3],[135, 121, 33, 32, 90],True
[83, 27, 129, 35],[3, 106, 114, 101, 97],False
[123, 49, 27, 19],[3, 17, 8, 9, 16],False
[15, 129, 100, 20],[114, 90, 112, 23, 2],False
[84, 29, 18, 90],[43, 20, 16, 36, 1],False
[54, 90, 112, 16],[119, 23, 41, 19, 9],True
[129, 121, 27, 54],[72, 17, 91, 90, 108],False
[84, 91, 38, 81],[45, 120, 29, 100, 42],False
[3, 19, 58, 98],[70, 126, 49, 105, 45],False
[37, 53, 4, 114],[120, 121, 26, 17, 44],False
[119, 54, 71, 91],[19, 126, 36, 112, 120],False
[36, 64, 100, 1],[16, 23, 83, 105, 6],False
[85, 12, 129, 90],[70, 65, 87, 43, 81],False
[94, 135, 29, 101],[97, 129, 51, 106, 121],True
[15, 70, 27, 102],[19, 45, 86, 129, 3],False
[121, 70, 28, 91],[94, 64, 79, 108, 82],False
[97, 81, 3, 121],[13, 43, 100, 53, 92],True
[7, 121, 36, 41],[19, 13, 79, 64, 60],False
[45, 47, 81, 88],[23, 17, 129, 123, 51],False
[121, 91, 81, 47],[53, 106, 129, 105, 128],False
[56, 100, 96, 110],[36, 49, 91, 120, 55],False
[46, 90, 51, 100],[45, 106, 129, 27, 109],False
[70, 16, 110, 111],[58, 60, 94, 100, 76],True
[6, 19, 60, 79],[36, 44, 13, 111, 102],True
[87, 12, 27, 49],[114, 106, 129, 128, 85],False
[9, 121, 16, 8],[70, 64, 86, 13, 69],False
[81, 90, 8, 64],[13, 47, 54, 102, 86],False
[3, 101, 120, 56],[43, 42, 16, 64, 121],False
[3, 120, 121, 41],[27, 38, 4, 90, 46],True
[56, 3, 129, 112],[43, 94, 29, 86, 90],True
[3, 43, 4, 81],[23, 78, 80, 27, 58],False
[91, 76, 81, 128],[3, 43, 105, 49, 94],False
[81, 64, 9, 49],[126, 3, 120, 121, 44],False
[78, 108, 19, 121],[51, 97, 120, 90, 38],False
[81, 121, 43, 44],[45, 16, 36, 89, 128],False
[109, 16, 86, 85],[120, 6, 49, 101, 20],False
[17, 10, 64, 26],[84, 70, 129, 88, 13],True
[3, 88, 19, 49],[107, 13, 36, 45, 16],True
[94, 98, 9, 5],[3, 70, 58, 43, 36],False
[78, 58, 79, 109],[3, 100, 106, 47, 10],True
[102, 129, 128, 15],[36, 19, 16, 101, 84],False
[9, 56, 16, 85],[123, 126, 86, 41, 108],False
[100, 90, 87, 19],[81, 17, 36, 101, 88],False
[64, 86, 89, 108],[100, 106, 12, 3, 121],True
[121, 85, 69, 19],[25, 120, 64, 128, 81],False
[9, 109, 129, 83],[25, 3, 49, 91, 46],False
[45, 27, 49, 4],[13, 114, 101, 120, 3],False
[129, 72, 128, 41],[46, 35, 16, 84, 9],False
[53, 29, 9, 64],[17, 84, 128, 6, 111],True
[54, 78, 129, 79],[43, 49, 8, 121, 86],True
[56, 112, 29, 129],[98, 107, 46, 16, 3],False
[121, 83, 120, 56],[126, 129, 91, 59, 43],False
[2, 101, 70, 121],[43, 58, 15, 84, 16],True
[8, 98, 88, 45],[56, 51, 129, 90, 19],False
[53, 111, 121, 129],[39, 10, 17, 87, 72],False
[16, 121, 10, 85],[39, 20, 128, 120, 3],False
[56, 49, 101, 3],[94, 123, 135, 19, 129],False
[6, 101, 49, 3],[69, 79, 96, 135, 94],False
[44, 60, 91, 123],[89, 58, 19, 16, 55],False
[121, 9, 129, 8],[65, 45, 47, 19, 81],False
[31, 15, 86, 60],[128, 100, 42, 126, 90],True
[81, 1, 105, 121],[97, 84, 110, 44, 16],True
[100, 16, 128, 129],[94, 84, 92, 88, 126],False
[81, 17, 121, 45],[87, 1, 88, 43, 101],False
[26, 109, 86, 29],[46, 114, 108, 91, 120],True
[18, 49, 121, 128],[129, 43, 10, 20, 66],False
[3, 67, 9, 16],[128, 40, 19, 102, 81],False
[110, 95, 121, 50],[100, 21, 84, 72, 23],False
[70, 43, 3, 120],[64, 129, 25, 101, 23],False
[15, 27, 114, 91],[9, 126, 108, 3, 81],True
[101, 19, 102, 114],[94, 39, 108, 17, 121],False
[3, 9, 81, 4],[19, 16, 64, 86, 106],True
[129, 81, 121, 27],[108, 4, 120, 128, 45],False
[109, 101, 120, 3],[17, 121, 69, 83, 35],False
[16, 85, 9, 106],[90, 44, 64, 17, 81],True
[19, 55, 121, 109],[91, 28, 44, 39, 128],True
[49, 112, 44, 3],[81, 17, 129, 101, 91],False
[3, 46, 90, 49],[129, 94, 87, 101, 43],False
[81, 70, 121, 120],[4, 101, 20, 29, 11],False
[44, 129, 88, 110],[63, 46, 15, 128, 126],False
[81, 70, 9, 58],[94, 7, 17, 98, 91],False
[19, 129, 90, 83],[48, 123, 49, 13, 79],False
[31, 8, 92, 69],[15, 21, 13, 114, 47],False
[49, 9, 46, 128],[114, 52, 60, 45, 42],True
[27, 64, 108, 46],[15, 81, 128, 19, 72],False
[10, 27, 49, 21],[121, 98, 43, 42, 26],False
[101, 16, 4, 121],[91, 17, 120, 47, 35],True
[19, 45, 92, 69],[8, 43, 128, 51, 129],False
[87, 53, 26, 92],[120, 108, 43, 56, 100],True
[89, 69, 49, 121],[17, 64, 92, 67, 114],False
[121, 63, 20, 84],[13, 49, 87, 101, 89],True
[83, 90, 94, 49],[114, 121, 17, 3, 28],False
[68, 95, 16, 121],[91, 1, 17, 81, 86],True
[12, 45, 51, 108],[27, 58, 129, 106, 4],False
[129, 114, 110, 121],[19, 8, 126, 97, 105],True
[81, 45, 53, 121],[39, 94, 25, 17, 87],False
[121, 4, 65, 69],[101, 27, 53, 120, 91],False
[128, 72, 1, 129],[107, 42, 69, 90, 121],False
[3, 108, 128, 19],[27, 81, 46, 9, 129],False
[94, 77, 128, 3],[19, 1, 112, 101, 98],False
[129, 79, 42, 27],[108, 45, 94, 33, 17],False
[63, 108, 128, 3],[42, 17, 58, 98, 111],False
[66, 1, 33, 73],[123, 16, 9, 106, 99],False
[121, 86, 109, 16],[69, 128, 15, 23, 8],False
[84, 46, 9, 81],[3, 19, 98, 94, 90],False
[58, 121, 81, 56],[110, 123, 23, 95, 49],False
[38, 9, 94, 58],[98, 85, 19, 25, 23],False
[85, 64, 23, 110],[102, 16, 76, 101, 10],False
[81, 91, 69, 15],[90, 98, 119, 33, 8],True
[110, 91, 120, 48],[25, 68, 36, 19, 42],False
[16, 86, 45, 54],[43, 73, 53, 128, 27],True
[49, 109, 9, 58],[43, 69, 17, 94, 90],False
[98, 69, 81, 128],[52, 19, 57, 9, 129],False
[86, 108, 53, 112],[25, 123, 8, 79, 81],False
[47, 120, 20, 1],[16, 45, 4, 101, 13],False
[92, 121, 135, 81],[58, 90, 114, 64, 49],False
[33, 88, 100, 113],[36, 21, 10, 135, 83],False
[106, 121, 123, 47],[72, 14, 45, 81, 59],True
[86, 48, 129, 83],[49, 15, 120, 121, 58],False
[49, 43, 79, 13],[4, 23, 114, 3, 20],True
[129, 9, 70, 33],[78, 86, 42, 97, 110],False
[98, 121, 41, 128],[43, 42, 38, 129, 9],False
[112, 4, 129, 123],[128, 15, 64, 81, 71],False
[60, 10, 63, 121],[25, 21, 128, 129, 44],False
[26, 81, 129, 86],[91, 70, 123, 78, 90],True
[41, 97, 105, 121],[3, 17, 76, 4, 101],True
[36, 27, 1, 121],[21, 94, 64, 110, 108],True
[3, 81, 108, 33],[101, 89, 27, 120, 129],False
[91, 81, 16, 9],[126, 94, 112, 49, 101],False
[49, 10, 51, 128],[27, 3, 98, 42, 17],False
[79, 16, 81, 128],[64, 121, 77, 49, 19],False
[69, 41, 3, 128],[49, 94, 121, 39, 75],False
[19, 47, 100, 3],[44, 64, 60, 90, 106],False
[81, 43, 79, 58],[36, 67, 112, 71, 45],False
[128, 27, 129, 8],[45, 114, 78, 100, 17],False
[53, 129, 45, 101],[92, 65, 19, 69, 3],False
[129, 44, 64, 45],[41, 69, 46, 121, 101],True
[114, 15, 27, 33],[17, 51, 53, 128, 129],False
[21, 71, 121, 41],[31, 9, 95, 126, 60],False
[29, 4, 25, 87],[128, 8, 120, 121, 114],False
[1, 121, 64, 81],[13, 84, 98, 92, 33],False
[7, 85, 53, 10],[98, 69, 19, 31, 121],True
[129, 128, 33, 69],[121, 58, 8, 19, 98],True
[49, 112, 64, 46],[3, 79, 129, 15, 4],False
[109, 129, 101, 64],[3, 49, 69, 128, 44],True
[68, 46, 129, 27],[112, 128, 60, 43, 15],False
[73, 81, 9, 21],[42, 23, 112, 129, 107],False
[60, 81, 101, 64],[20, 129, 42, 45, 21],False
[129, 4, 9, 3],[101, 79, 12, 106, 49],False
[12, 49, 102, 128],[86, 45, 4, 81, 46],True
[1, 120, 7, 64],[48, 92, 14, 45, 90],False
[1, 86, 55, 45],[65, 27, 121, 94, 129],False
[121, 129, 21, 15],[84, 90, 65, 91, 42],True
[72, 129, 27, 91],[45, 8, 98, 51, 17],False
[58, 120, 48, 91],[69, 121, 4, 92, 13],False
[101, 109, 129, 64],[90, 106, 81, 54, 45],False
[54, 129, 27, 68],[17, 43, 91, 19, 38],False
[65, 114, 112, 41],[110, 64, 93, 49, 13],True
[107, 1, 27, 47],[45, 8, 17, 21, 97],False
[4, 3, 123, 16],[102, 52, 43, 42, 19],True
[42, 45, 79, 47],[12, 31, 26, 13, 38],False
[46, 98, 102, 121],[9, 109, 38, 30, 49],False
[95, 85, 129, 9],[27, 58, 49, 46, 42],True
[30, 90, 100, 114],[3, 8, 49, 123, 13],False
[73, 98, 100, 33],[129, 110, 17, 86, 46],False
[128, 67, 129, 64],[109, 85, 49, 101, 23],True
[53, 68, 79, 108],[15, 114, 64, 43, 96],True
[53, 62, 120, 91],[19, 110, 16, 112, 23],True
[16, 86, 79, 49],[128, 110, 114, 65, 129],False
[33, 41, 16, 79],[86, 120, 42, 84, 129],False
[86, 48, 98, 121],[33, 106, 8, 25, 64],False
[7, 43, 81, 110],[92, 17, 49, 18, 90],False
[70, 51, 129, 33],[83, 19, 90, 65, 46],True
[87, 70, 128, 129],[6, 46, 9, 81, 3],False
[27, 58, 12, 129],[51, 46, 19, 81, 72],True
[27, 19, 16, 121],[86, 43, 106, 129, 102],True
[110, 81, 129, 86],[10, 43, 33, 7, 106],False
[129, 94, 20, 78],[27, 53, 126, 69, 1],True
[123, 81, 121, 38],[128, 21, 101, 108, 44],False
[4, 126, 84, 21],[45, 36, 40, 47, 29],False
[84, 9, 16, 46],[126, 87, 22, 44, 121],False
[1, 129, 90, 100],[22, 40, 23, 49, 72],False
[21, 81, 49, 45],[31, 92, 114, 13, 19],True
[136, 81, 94, 119],[114, 110, 121, 92, 39],False
[102, 9, 129, 54],[123, 46, 84, 76, 49],False
[16, 68, 45, 41],[19, 36, 67, 43, 13],True
[49, 56, 128, 108],[83, 54, 65, 92, 79],False
[101, 129, 27, 46],[49, 23, 1, 86, 121],False
[114, 108, 86, 58],[69, 81, 19, 121, 17],False
[38, 114, 27, 64],[51, 58, 16, 47, 94],False
[46, 84, 104, 100],[121, 45, 64, 44, 60],False
[21, 100, 94, 26],[9, 76, 46, 87, 49],False
[68, 81, 121, 42],[43, 60, 27, 91, 70],False
[135, 46, 27, 68],[35, 43, 129, 44, 105],True
[91, 27, 93, 60],[88, 47, 4, 23, 68],False
[129, 1, 92, 119],[25, 54, 27, 78, 87],False
[114, 121, 49, 63],[120, 54, 106, 90, 27],True
[100, 4, 3, 92],[95, 106, 27, 83, 120],True
[10, 98, 88, 84],[3, 106, 65, 46, 136],False
[51, 43, 129, 46],[90, 65, 83, 78, 94],False
[3, 96, 109, 123],[114, 120, 92, 69, 128],False
[51, 38, 128, 10],[78, 58, 81, 123, 19],False
[73, 51, 9, 3],[114, 43, 60, 121, 63],True
[120, 46, 85, 121],[3, 52, 69, 94, 106],False
[64, 46, 136, 33],[120, 6, 17, 96, 121],False
[30, 8, 114, 92],[136, 5, 25, 99, 55],False
[72, 4, 129, 121],[45, 94, 120, 26, 126],True
[7, 43, 51, 19],[87, 58, 25, 61, 100],False
[30, 49, 8, 27],[121, 69, 38, 45, 42],False
[27, 46, 49, 86],[20, 70, 63, 65, 100],False
[30, 8, 23, 86],[4, 129, 3, 16, 63],False
[81, 9, 129, 110],[78, 43, 19, 8, 75],False
[42, 38, 58, 3],[23, 13, 129, 128, 51],False
[94, 129, 121, 110],[52, 35, 19, 60, 30],False
[121, 69, 15, 20],[90, 51, 46, 52, 49],False
[4, 38, 114, 102],[73, 49, 123, 47, 33],False
[67, 123, 16, 45],[3, 128, 23, 81, 56],True
[51, 70, 47, 88],[85, 13, 94, 92, 136],False
[81, 108, 86, 45],[120, 15, 88, 25, 63],False
[23, 101, 129, 85],[128, 112, 38, 114, 136],True
[101, 95, 129, 64],[19, 62, 27, 114, 135],False
[8, 98, 136, 121],[114, 52, 129, 111, 27],False
[49, 121, 75, 8],[90, 94, 135, 81, 27],False
[98, 41, 19, 64],[39, 72, 100, 123, 70],True
[54, 121, 69, 16],[136, 3, 94, 129, 90],False
[3, 108, 8, 9],[21, 81, 106, 49, 128],False
[123, 41, 81, 68],[126, 106, 43, 14, 135],True
[8, 121, 60, 64],[100, 128, 44, 129, 27],True
[64, 8, 85, 110],[86, 136, 108, 63, 121],False
[121, 43, 19, 8],[110, 114, 49, 88, 15],True
[109, 129, 27, 68],[45, 43, 14, 25, 20],False
[4, 107, 33, 21],[114, 90, 98, 86, 105],False
[128, 49, 80, 51],[45, 126, 109, 22, 83],False
[128, 41, 55, 88],[46, 107, 135, 47, 92],True
[84, 8, 38, 45],[129, 23, 128, 5, 95],False
[22, 44, 135, 31],[63, 51, 38, 25, 110],False
[58, 129, 128, 42],[45, 8, 92, 23, 69],False
[51, 38, 90, 109],[129, 23, 33, 46, 110],True
[44, 121, 16, 45],[1, 19, 101, 64, 49],True
[85, 128, 129, 94],[121, 19, 47, 69, 42],False
[57, 41, 86, 78],[54, 136, 106, 129, 112],False
[121, 15, 69, 70],[100, 94, 3, 129, 9],False
[51, 109, 33, 136],[67, 49, 83, 43, 86],True
[120, 41, 128, 37],[135, 42, 51, 14, 123],True
[5, 98, 69, 114],[70, 106, 43, 19, 85],False
[136, 77, 81, 33],[13, 70, 47, 129, 27],False
[73, 135, 51, 110],[33, 85, 106, 10, 100],False
[135, 67, 27, 112],[43, 41, 15, 88, 57],False
[114, 129, 19, 128],[120, 92, 109, 85, 78],True
[128, 110, 129, 42],[69, 23, 54, 92, 51],False
[112, 16, 68, 18],[90, 101, 108, 46, 20],True
[18, 50, 136, 47],[97, 102, 19, 42, 25],False
[38, 121, 8, 101],[52, 102, 49, 21, 95],False
[108, 123, 58, 94],[63, 51, 38, 69, 121],False
[136, 8, 121, 87],[69, 43, 46, 86, 64],True
[109, 128, 29, 3],[120, 10, 49, 121, 30],True
[52, 60, 19, 91],[4, 90, 45, 81, 123],False
[53, 135, 128, 101],[54, 126, 47, 136, 87],True
[28, 19, 14, 8],[64, 54, 43, 13, 88],False
[27, 41, 43, 78],[15, 19, 114, 3, 38],False
[110, 128, 38, 4],[25, 16, 121, 136, 14],False
[10, 64, 51, 136],[90, 31, 108, 20, 44],True
[129, 41, 9, 84],[11, 92, 114, 136, 51],True
[59, 108, 21, 88],[93, 65, 50, 32, 121],False
[81, 128, 90, 94],[46, 86, 39, 108, 51],False
[63, 136, 29, 100],[46, 13, 16, 49, 121],True
[94, 47, 64, 136],[128, 129, 13, 59, 83],False
[2, 110, 64, 54],[97, 128, 5, 16, 44],True
[51, 41, 57, 14],[44, 86, 126, 58, 78],True
[90, 54, 129, 135],[26, 14, 31, 8, 43],False
[5, 109, 120, 83],[38, 22, 23, 112, 73],False
[88, 109, 3, 29],[23, 8, 135, 5, 38],True
[129, 128, 41, 101],[114, 88, 110, 46, 43],True
[135, 94, 36, 129],[42, 25, 121, 14, 136],False
[22, 5, 129, 8],[60, 47, 87, 135, 42],False
[109, 111, 128, 29],[64, 101, 59, 108, 90],True
[101, 45, 41, 108],[107, 1, 129, 103, 15],False
[4, 27, 100, 15],[106, 19, 41, 81, 64],False
[60, 121, 8, 45],[13, 136, 44, 119, 129],True
[63, 128, 43, 41],[4, 79, 78, 15, 90],False
[58, 114, 47, 73],[101, 22, 109, 123, 38],False
[110, 88, 128, 81],[129, 47, 18, 46, 51],False
[123, 128, 41, 135],[46, 43, 120, 37, 19],False
[86, 19, 38, 135],[88, 129, 36, 128, 59],False
[54, 98, 107, 128],[121, 126, 93, 110, 36],False
[3, 29, 136, 8],[27, 106, 129, 101, 70],False
[95, 51, 100, 110],[114, 126, 66, 9, 135],False
[4, 123, 49, 121],[54, 79, 16, 25, 45],False
[128, 67, 49, 45],[58, 106, 96, 121, 14],True
[121, 93, 58, 69],[49, 94, 90, 64, 86],True
[121, 96, 101, 14],[81, 69, 5, 107, 76],True
[19, 93, 121, 51],[4, 64, 2, 71, 11],True
[83, 94, 45, 38],[93, 73, 123, 66, 16],False
[58, 135, 114, 80],[64, 19, 41, 43, 123],False
[49, 112, 33, 54],[10, 135, 128, 47, 19],True
[86, 43, 114, 16],[3, 106, 49, 123, 25],False
[72, 41, 129, 21],[16, 90, 63, 42, 136],True
[123, 50, 42, 78],[128, 69, 121, 120, 44],False
[11, 55, 135, 51],[25, 81, 129, 86, 84],True
[92, 51, 102, 114],[90, 47, 19, 83, 94],False
[68, 106, 88, 92],[90, 64, 135, 43, 41],True
[135, 136, 46, 128],[1, 91, 53, 102, 17],False
[44, 3, 129, 9],[128, 106, 136, 108, 73],True
[13, 29, 19, 128],[46, 64, 16, 25, 86],False
[114, 22, 112, 129],[25, 120, 16, 46, 19],True
[89, 1, 88, 36],[41, 101, 45, 135, 16],False
[12, 98, 69, 51],[4, 128, 13, 19, 31],False
[84, 89, 71, 97],[45, 22, 128, 53, 41],True
[15, 46, 27, 88],[67, 129, 19, 83, 90],False
[8, 49, 121, 33],[101, 98, 42, 22, 83],False
[38, 136, 51, 44],[57, 120, 19, 86, 135],False
[57, 135, 123, 41],[42, 31, 90, 33, 129],False
[15, 10, 51, 21],[38, 126, 3, 109, 19],True
[79, 75, 99, 94],[123, 12, 112, 16, 120],True
[85, 19, 78, 35],[13, 63, 3, 110, 136],True
[60, 121, 19, 64],[53, 73, 99, 100, 110],True
[93, 92, 31, 51],[33, 58, 136, 114, 65],False
[51, 114, 79, 28],[3, 123, 135, 73, 53],True
[2, 32, 88, 3],[46, 25, 129, 51, 128],True
[7, 54, 135, 90],[56, 120, 88, 15, 121],False
[5, 135, 136, 47],[114, 21, 78, 10, 112],True
[5, 96, 73, 123],[12, 85, 60, 136, 98],False
[78, 109, 112, 20],[136, 22, 42, 121, 43],False
[44, 45, 33, 51],[86, 73, 69, 25, 121],False
[70, 136, 15, 121],[108, 128, 8, 13, 45],True
[53, 114, 100, 112],[25, 70, 5, 136, 47],False
[50, 81, 92, 114],[111, 90, 52, 136, 99],False
[85, 20, 19, 109],[106, 129, 135, 27, 37],True
[101, 49, 135, 67],[46, 13, 129, 79, 37],False
[101, 129, 14, 121],[46, 91, 51, 15, 52],True
[19, 105, 120, 3],[136, 58, 92, 11, 49],True
[68, 129, 136, 81],[43, 112, 135, 8, 126],True
[85, 15, 19, 67],[49, 109, 43, 83, 37],False
[15, 110, 70, 136],[43, 126, 19, 10, 37],False
[98, 6, 33, 30],[129, 50, 44, 128, 126],True
[121, 107, 86, 8],[41, 84, 129, 119, 17],True
[29, 121, 4, 100],[126, 135, 112, 41, 76],True
[64, 19, 120, 105],[46, 86, 51, 90, 49],True
[3, 96, 109, 9],[110, 23, 114, 129, 51],False
[15, 51, 77, 22],[136, 47, 19, 8, 78],False
[109, 81, 101, 136],[114, 19, 135, 85, 33],False
[44, 136, 49, 121],[21, 33, 73, 106, 3],False
[76, 14, 2, 91],[49, 126, 112, 86, 94],False
[22, 114, 120, 128],[100, 32, 77, 87, 58],True
[135, 41, 88, 92],[3, 14, 19, 120, 91],True
[77, 105, 19, 121],[126, 94, 85, 90, 51],True
[35, 104, 128, 51],[112, 25, 4, 110, 96],False
[109, 69, 33, 121],[21, 64, 48, 100, 25],True
[59, 88, 38, 121],[22, 135, 89, 19, 64],True
[16, 121, 83, 41],[43, 126, 91, 101, 42],False
[2, 121, 120, 8],[104, 19, 50, 91, 81],True
[114, 43, 129, 128],[33, 88, 53, 52, 19],False
[10, 87, 38, 66],[58, 36, 72, 136, 108],False
[51, 76, 135, 112],[110, 81, 126, 38, 90],True
[80, 19, 22, 50],[112, 106, 129, 54, 101],True
[64, 44, 129, 105],[121, 136, 106, 40, 8],True
[104, 4, 3, 22],[90, 23, 70, 64, 88],True
[3, 96, 46, 101],[13, 45, 73, 110, 49],False
[70, 15, 136, 112],[86, 63, 77, 135, 45],False
[3, 96, 109, 101],[13, 58, 54, 114, 29],False
[77, 35, 100, 128],[85, 44, 22, 39, 29],False
[129, 81, 3, 105],[1, 135, 85, 86, 13],True
[53, 22, 101, 129],[78, 8, 23, 86, 3],False
[5, 19, 40, 41],[61, 4, 114, 20, 126],False
[128, 35, 41, 135],[63, 49, 21, 9, 64],True
[112, 38, 128, 4],[21, 86, 42, 77, 135],False
[128, 19, 92, 46],[9, 90, 23, 73, 51],False
[121, 49, 101, 70],[135, 106, 51, 33, 54],True
[50, 14, 8, 80],[81, 64, 51, 89, 121],True
[38, 54, 101, 136],[94, 128, 29, 19, 87],False
[112, 22, 38, 73],[58, 19, 29, 101, 4],False
[46, 92, 136, 84],[27, 101, 16, 135, 4],False
[81, 50, 107, 38],[22, 126, 4, 63, 136],False
[128, 77, 42, 31],[9, 129, 23, 111, 46],False
[98, 81, 111, 27],[121, 36, 93, 19, 112],True
[64, 21, 97, 95],[16, 84, 46, 4, 101],True
[99, 128, 129, 47],[8, 120, 51, 25, 37],False
[43, 99, 19, 37],[52, 136, 36, 128, 100],False
[128, 49, 84, 46],[15, 83, 22, 9, 129],False
[100, 99, 63, 135],[48, 126, 36, 50, 19],False
[91, 97, 41, 81],[136, 11, 44, 129, 128],True
[3, 73, 78, 112],[5, 99, 135, 16, 101],True
[9, 57, 129, 59],[37, 135, 99, 46, 136],False
[33, 85, 86, 41],[75, 128, 90, 81, 19],False
[3, 96, 136, 46],[112, 114, 77, 135, 58],False
[44, 135, 101, 87],[45, 88, 92, 19, 8],False
[81, 49, 33, 47],[19, 40, 20, 102, 114],False
[21, 113, 26, 83],[136, 39, 8, 121, 55],True
[135, 41, 112, 128],[90, 101, 80, 64, 16],False
[58, 14, 68, 50],[135, 49, 91, 36, 48],False
[41, 64, 49, 22],[78, 94, 101, 79, 16],False
[37, 107, 33, 4],[111, 98, 70, 52, 26],False
[51, 93, 38, 136],[101, 106, 64, 99, 33],False
[64, 106, 35, 86],[128, 30, 100, 49, 14],False
[135, 27, 38, 41],[88, 98, 81, 22, 121],False
[136, 29, 123, 94],[37, 73, 38, 19, 63],False
[3, 108, 123, 94],[5, 8, 73, 19, 51],False
[101, 49, 136, 8],[3, 126, 96, 121, 81],True
[14, 95, 64, 105],[8, 27, 76, 6, 33],True
[129, 10, 88, 21],[112, 30, 8, 106, 90],True
[35, 98, 136, 112],[5, 65, 38, 17, 63],False
[8, 49, 101, 128],[19, 3, 4, 123, 96],False
[54, 37, 20, 100],[64, 41, 135, 101, 126],True
[101, 126, 2, 121],[5, 14, 13, 108, 19],True
[8, 49, 136, 101],[73, 54, 92, 85, 22],False
[48, 29, 100, 97],[109, 108, 64, 135, 5],True
[58, 41, 136, 47],[21, 77, 19, 22, 98],True
[84, 21, 42, 33],[51, 25, 19, 88, 60],True
[46, 64, 14, 22],[136, 19, 38, 37, 8],False
[14, 86, 98, 91],[25, 70, 38, 136, 85],True
[58, 51, 63, 84],[129, 64, 21, 135, 89],False
[128, 98, 84, 46],[58, 86, 5, 114, 17],False
[51, 47, 41, 22],[10, 58, 129, 98, 135],False
[69, 21, 54, 121],[40, 11, 38, 19, 64],True
[8, 101, 77, 64],[22, 60, 99, 5, 135],True
[99, 37, 96, 86],[64, 126, 70, 47, 119],False
[73, 136, 123, 129],[28, 14, 50, 9, 114],False
[135, 99, 123, 90],[136, 92, 28, 62, 64],True
[77, 60, 53, 32],[46, 19, 99, 37, 135],False
[41, 64, 19, 33],[114, 44, 2, 112, 22],False
[41, 64, 33, 19],[114, 2, 22, 44, 112],False
[129, 46, 9, 99],[135, 86, 2, 114, 136],False
[29, 121, 4, 30],[90, 114, 88, 47, 21],True
[84, 135, 58, 109],[22, 69, 43, 114, 87],False
[31, 1, 38, 59],[135, 23, 12, 50, 136],False
[87, 12, 96, 19],[8, 36, 135, 121, 83],False
[81, 86, 48, 136],[29, 128, 120, 84, 19],False
[100, 94, 129, 31],[12, 64, 49, 121, 99],False
[110, 16, 121, 109],[19, 70, 43, 126, 50],False
[49, 109, 101, 3],[15, 13, 37, 69, 55],False
[8, 86, 30, 129],[98, 43, 95, 85, 88],False
[128, 129, 8, 110],[33, 69, 37, 51, 46],False
[94, 101, 129, 14],[92, 8, 136, 3, 21],False
[20, 92, 8, 121],[70, 19, 120, 37, 100],False
[112, 51, 81, 1],[19, 129, 94, 128, 106],False
[42, 112, 135, 27],[76, 14, 101, 49, 51],False
[33, 112, 38, 41],[94, 92, 13, 50, 19],False
[90, 102, 19, 41],[37, 106, 49, 33, 109],True
[21, 129, 31, 14],[46, 22, 60, 64, 79],False
[98, 73, 113, 21],[1, 126, 43, 19, 121],False
[88, 4, 128, 112],[75, 97, 42, 63, 135],False
[19, 4, 92, 112],[94, 43, 15, 84, 23],False
[48, 83, 136, 60],[23, 19, 112, 96, 70],False
[15, 53, 31, 88],[87, 90, 28, 85, 42],False
[83, 96, 21, 4],[35, 14, 92, 135, 136],True
[94, 38, 86, 136],[64, 81, 55, 129, 107],False
[69, 47, 46, 64],[90, 81, 92, 100, 135],False
[19, 69, 79, 47],[43, 39, 10, 14, 112],False
[15, 114, 36, 51],[109, 135, 17, 136, 47],False
[135, 111, 129, 119],[93, 2, 3, 21, 9],True
[8, 37, 92, 136],[22, 19, 129, 12, 64],False
[33, 3, 98, 4],[99, 112, 21, 22, 36],False
[50, 114, 47, 19],[99, 21, 129, 128, 25],False
[9, 3, 96, 54],[111, 105, 77, 100, 60],True
[51, 99, 91, 45],[129, 22, 44, 3, 121],False
[114, 43, 69, 58],[26, 46, 31, 8, 99],False
[47, 3, 136, 70],[50, 129, 14, 135, 48],False
[128, 99, 50, 28],[112, 100, 114, 11, 14],False
[126, 48, 21, 33],[14, 15, 88, 112, 53],True
[41, 22, 58, 60],[46, 126, 136, 135, 112],False
[25, 129, 63, 79],[101, 135, 104, 113, 87],False
[110, 99, 86, 19],[135, 126, 15, 69, 112],False
[111, 73, 99, 27],[97, 18, 25, 100, 15],False
[99, 136, 47, 15],[86, 50, 54, 135, 19],True
[14, 19, 72, 15],[136, 58, 20, 33, 25],False
[60, 121, 8, 9],[128, 80, 22, 28, 112],True
[58, 135, 14, 64],[92, 22, 30, 8, 19],False
[88, 110, 136, 35],[128, 47, 38, 54, 46],False
[26, 81, 50, 2],[107, 91, 135, 22, 14],True
[23, 69, 58, 37],[83, 109, 135, 22, 21],False
[87, 135, 41, 27],[81, 88, 43, 112, 23],True
[3, 9, 129, 54],[38, 39, 114, 37, 86],False
[4, 19, 112, 15],[39, 51, 90, 93, 10],True
[37, 9, 129, 4],[8, 105, 47, 135, 22],False
[91, 47, 26, 114],[4, 22, 105, 14, 112],True
[5, 94, 15, 51],[41, 25, 100, 38, 26],True
[84, 86, 38, 8],[112, 22, 28, 19, 46],False
[66, 86, 53, 135],[73, 120, 33, 136, 114],False
[97, 15, 19, 21],[10, 13, 73, 128, 51],False
[101, 100, 114, 104],[22, 4, 13, 67, 112],False
[97, 90, 112, 60],[22, 79, 4, 38, 21],False
[84, 107, 63, 109],[86, 98, 73, 3, 60],False
[91, 114, 15, 92],[90, 21, 19, 37, 99],False
[9, 49, 111, 109],[120, 114, 80, 71, 43],False
[97, 63, 84, 86],[56, 110, 104, 103, 121],True
[107, 89, 112, 16],[59, 3, 91, 14, 15],False
[5, 8, 136, 60],[44, 38, 22, 25, 72],False
[100, 96, 41, 64],[86, 128, 111, 99, 73],True
[129, 10, 121, 19],[120, 94, 47, 20, 23],False
[31, 129, 67, 119],[20, 2, 1, 30, 11],False
[51, 35, 47, 19],[50, 99, 53, 126, 135],True
[94, 19, 83, 20],[112, 55, 109, 51, 43],False
[23, 107, 55, 87],[41, 129, 101, 22, 112],True
[19, 85, 50, 53],[112, 52, 15, 23, 91],True
[91, 99, 47, 19],[123, 64, 80, 76, 62],False
[112, 77, 19, 109],[73, 15, 5, 22, 100],False
[81, 78, 75, 84],[114, 13, 19, 92, 111],True
[85, 44, 121, 16],[136, 22, 135, 106, 114],True
[31, 104, 86, 19],[64, 46, 128, 129, 126],True
[79, 135, 64, 81],[36, 8, 2, 120, 84],True
[4, 100, 37, 53],[88, 112, 36, 73, 135],False
[112, 60, 50, 73],[41, 47, 136, 75, 120],False
[86, 98, 64, 70],[77, 14, 91, 121, 15],False
[50, 41, 129, 90],[88, 3, 47, 46, 106],False
[4, 112, 69, 102],[19, 47, 37, 25, 99],False
[50, 112, 129, 4],[17, 19, 121, 44, 98],False
[119, 129, 8, 121],[58, 90, 109, 136, 2],True
[75, 43, 99, 136],[19, 4, 69, 37, 33],False
[47, 98, 19, 8],[91, 81, 53, 52, 136],False
[2, 8, 31, 101],[90, 26, 44, 19, 14],False
[37, 109, 129, 58],[22, 33, 3, 38, 10],False
[112, 4, 123, 104],[98, 70, 3, 22, 101],False
[19, 65, 7, 121],[62, 61, 112, 22, 4],False
[85, 60, 64, 35],[2, 106, 128, 121, 8],True
[114, 43, 37, 97],[13, 113, 33, 58, 51],False
[50, 120, 19, 70],[95, 112, 73, 3, 22],False
[37, 9, 98, 42],[1, 49, 27, 58, 22],False
[8, 129, 47, 128],[15, 100, 121, 19, 53],False
[109, 129, 135, 112],[34, 136, 43, 8, 27],False
[6, 30, 108, 27],[53, 76, 78, 86, 64],True
[33, 53, 51, 98],[37, 67, 106, 136, 47],True
[50, 114, 129, 8],[73, 63, 13, 47, 19],False
[19, 38, 128, 85],[136, 15, 120, 112, 53],False
[41, 92, 110, 69],[65, 136, 129, 46, 128],True
[36, 47, 136, 50],[90, 19, 33, 112, 8],False
[112, 110, 41, 38],[25, 22, 60, 121, 8],False
[58, 27, 135, 73],[46, 102, 19, 59, 23],False
[50, 19, 99, 15],[3, 120, 22, 14, 35],False
[112, 135, 105, 114],[99, 5, 19, 15, 25],False
[128, 120, 84, 10],[15, 19, 69, 136, 87],False
[21, 41, 86, 105],[38, 126, 135, 50, 15],True
[112, 70, 69, 63],[53, 19, 98, 17, 110],False
[66, 136, 47, 135],[50, 109, 120, 19, 33],False
[98, 53, 73, 33],[114, 128, 23, 50, 46],False
[50, 8, 19, 15],[94, 120, 126, 14, 112],False
[94, 60, 121, 53],[77, 36, 98, 86, 84],False
[100, 55, 50, 114],[42, 17, 15, 19, 110],False
[91, 15, 88, 72],[4, 87, 14, 136, 39],False
[72, 135, 5, 91],[13, 22, 30, 14, 136],False
[58, 114, 81, 42],[123, 13, 28, 3, 60],False
[14, 75, 8, 123],[38, 80, 135, 34, 64],True
[100, 136, 53, 114],[8, 27, 72, 120, 129],True
[25, 135, 109, 27],[20, 49, 22, 86, 53],True
[78, 86, 64, 42],[19, 112, 49, 136, 135],True
[7, 9, 98, 23],[135, 106, 33, 70, 3],False
[41, 51, 88, 43],[6, 129, 14, 101, 50],True
[121, 78, 87, 1],[112, 13, 135, 136, 53],True
[73, 47, 22, 19],[8, 106, 135, 112, 50],False
[15, 69, 109, 64],[112, 19, 103, 10, 47],False
[58, 135, 93, 71],[96, 35, 81, 101, 64],True
[41, 121, 108, 31],[80, 61, 114, 112, 22],False
[128, 43, 99, 14],[8, 129, 45, 71, 121],False
[136, 62, 53, 106],[35, 84, 21, 95, 28],True
[8, 101, 69, 100],[110, 42, 120, 40, 128],False
[73, 107, 47, 50],[112, 91, 19, 55, 72],True
[15, 7, 70, 111],[136, 86, 120, 65, 4],False
[102, 108, 7, 1],[8, 90, 76, 19, 87],False
[86, 3, 63, 14],[54, 46, 129, 101, 50],True
[68, 47, 88, 14],[110, 54, 22, 64, 135],False
[128, 15, 70, 84],[87, 65, 43, 19, 14],False
[109, 129, 43, 27],[47, 78, 136, 50, 73],False
[112, 136, 43, 41],[47, 50, 19, 38, 80],True
[14, 47, 128, 129],[99, 64, 19, 135, 90],True
[64, 136, 17, 48],[26, 129, 11, 42, 86],False
[41, 55, 101, 135],[12, 17, 136, 15, 50],False
[15, 46, 136, 112],[8, 25, 51, 64, 108],False
[19, 120, 41, 50],[46, 136, 38, 15, 58],False
[4, 19, 54, 128],[51, 41, 110, 47, 126],False
[135, 136, 65, 92],[50, 73, 112, 19, 43],False
[58, 60, 1, 19],[50, 10, 135, 112, 22],False
[7, 66, 98, 8],[4, 136, 19, 90, 36],False
[50, 98, 123, 46],[19, 14, 108, 101, 91],True
[47, 19, 41, 120],[14, 121, 63, 43, 135],True
[112, 92, 136, 99],[73, 19, 135, 50, 101],False
[66, 47, 100, 114],[110, 12, 65, 19, 53],False
[50, 70, 128, 36],[19, 98, 65, 136, 81],False
[99, 50, 92, 51],[19, 63, 112, 43, 39],False
[46, 112, 88, 135],[10, 50, 86, 129, 13],False
[50, 109, 98, 7],[4, 19, 43, 105, 22],False
[112, 14, 8, 135],[97, 41, 16, 68, 19],True
[19, 128, 135, 41],[39, 71, 42, 129, 50],False
[101, 129, 99, 83],[33, 58, 25, 136, 81],False
[46, 136, 33, 112],[50, 17, 73, 15, 19],False
[123, 46, 64, 16],[112, 135, 38, 48, 86],True
[101, 129, 37, 99],[63, 44, 36, 33, 13],False
[14, 47, 88, 50],[7, 102, 42, 15, 13],False
[4, 60, 22, 50],[19, 73, 13, 21, 58],False
[16, 71, 136, 28],[13, 50, 128, 95, 14],True
[109, 69, 15, 135],[87, 70, 25, 60, 26],False
[58, 63, 19, 65],[64, 83, 47, 23, 70],True
[50, 44, 19, 65],[41, 39, 53, 136, 112],False
[66, 81, 27, 135],[50, 7, 98, 126, 70],False
[50, 73, 135, 22],[91, 14, 47, 19, 107],False
[41, 5, 19, 128],[43, 23, 22, 42, 112],False
[58, 109, 19, 15],[53, 65, 47, 100, 50],False
[66, 14, 33, 18],[19, 43, 37, 47, 41],True
[51, 15, 112, 46],[4, 98, 19, 39, 50],False
[66, 14, 47, 18],[99, 90, 98, 100, 91],True
[41, 128, 77, 50],[40, 120, 5, 135, 15],True
[99, 88, 136, 41],[4, 100, 123, 90, 91],False
[44, 101, 135, 19],[22, 8, 88, 112, 38],False
[41, 3, 135, 47],[28, 136, 4, 90, 121],True
[135, 22, 23, 93],[29, 84, 99, 75, 82],False
[81, 9, 112, 38],[63, 135, 98, 126, 22],False
[41, 102, 110, 19],[86, 96, 129, 112, 44],True
[135, 33, 88, 58],[112, 44, 96, 65, 123],False
[108, 19, 4, 37],[114, 33, 65, 38, 136],True
[4, 50, 92, 69],[33, 65, 135, 95, 112],False
[8, 92, 31, 65],[112, 73, 70, 128, 2],False
[8, 128, 27, 33],[28, 31, 70, 19, 35],False
[99, 91, 33, 114],[15, 123, 35, 19, 112],False
[66, 38, 105, 41],[137, 4, 30, 19, 91],False
[60, 13, 7, 18],[20, 67, 27, 126, 88],False
[60, 112, 46, 83],[8, 7, 121, 16, 22],False
[99, 33, 19, 91],[98, 123, 75, 15, 136],False
[135, 137, 39, 51],[18, 105, 63, 77, 25],False
[16, 79, 41, 58],[51, 119, 65, 129, 81],False
[84, 2, 105, 114],[27, 39, 38, 85, 70],False
[6, 137, 63, 107],[123, 53, 38, 64, 42],True
[136, 70, 22, 129],[112, 105, 135, 39, 14],False
[60, 42, 68, 7],[113, 28, 107, 37, 12],False
[46, 100, 136, 47],[92, 39, 19, 50, 73],False
[101, 19, 63, 83],[26, 100, 73, 47, 36],False
[121, 41, 92, 19],[46, 3, 101, 135, 104],False
[123, 99, 19, 50],[109, 65, 129, 101, 18],True
[66, 14, 77, 18],[108, 83, 63, 50, 21],True
[111, 14, 120, 19],[15, 88, 65, 73, 85],False
[19, 91, 104, 14],[18, 58, 92, 69, 110],True
[14, 19, 33, 87],[39, 129, 112, 70, 57],False
[51, 72, 98, 19],[99, 58, 78, 17, 123],False
[135, 31, 64, 44],[70, 14, 26, 128, 60],False
[51, 129, 112, 94],[73, 96, 86, 120, 88],True
[72, 28, 51, 64],[22, 98, 23, 137, 42],True
[8, 50, 121, 19],[88, 46, 129, 101, 13],False
[128, 100, 99, 101],[85, 88, 65, 46, 39],False
[60, 44, 22, 19],[52, 135, 48, 14, 84],False
[15, 7, 106, 119],[92, 19, 39, 4, 5],True
[100, 27, 15, 135],[129, 39, 110, 73, 119],False
[47, 112, 41, 107],[121, 64, 14, 8, 136],True
[70, 135, 112, 65],[86, 128, 129, 114, 98],False
[29, 135, 123, 44],[13, 121, 4, 128, 129],False
[112, 46, 119, 60],[52, 123, 129, 91, 109],False
[14, 123, 88, 4],[112, 135, 100, 119, 46],False
[7, 42, 64, 53],[112, 8, 135, 58, 39],True
[72, 100, 101, 91],[73, 119, 57, 135, 65],True
[93, 87, 38, 107],[52, 4, 86, 36, 64],False
[63, 137, 19, 66],[69, 46, 65, 100, 5],False
[64, 85, 41, 105],[112, 6, 43, 13, 100],True
[65, 4, 87, 136],[85, 70, 39, 100, 120],False
[110, 42, 129, 86],[22, 53, 104, 123, 19],True
[10, 107, 123, 18],[86, 62, 112, 44, 22],True
[110, 135, 101, 41],[25, 7, 15, 44, 50],False
[14, 47, 19, 112],[46, 101, 135, 129, 21],False
[136, 112, 33, 41],[73, 128, 19, 86, 13],False
[80, 84, 78, 86],[41, 85, 120, 136, 43],False
[85, 104, 19, 95],[4, 36, 14, 9, 128],True
[63, 28, 121, 100],[7, 65, 15, 79, 33],False
[19, 58, 73, 38],[5, 16, 22, 35, 100],False
[91, 48, 136, 135],[128, 44, 97, 39, 84],True
[5, 44, 136, 92],[19, 135, 56, 85, 43],True
[99, 38, 58, 9],[112, 129, 48, 123, 106],False
[5, 109, 100, 135],[88, 65, 18, 66, 47],False
[92, 100, 43, 23],[86, 129, 68, 44, 36],False
[37, 119, 4, 129],[46, 87, 120, 33, 136],False
[86, 1, 28, 84],[90, 8, 25, 121, 97],False
[54, 29, 85, 79],[10, 45, 9, 110, 129],True
[14, 100, 135, 50],[2, 44, 92, 64, 22],True
[85, 4, 77, 112],[51, 25, 136, 70, 108],False
[114, 100, 92, 66],[129, 25, 99, 90, 26],False
[62, 86, 66, 84],[48, 120, 129, 101, 9],True
[109, 121, 26, 60],[83, 5, 57, 44, 21],True
[48, 84, 105, 135],[52, 47, 85, 73, 88],True
[18, 135, 19, 87],[69, 119, 10, 39, 50],True
[94, 51, 92, 102],[78, 81, 112, 69, 23],False
[129, 101, 64, 97],[102, 33, 136, 106, 135],True
[112, 53, 8, 97],[110, 70, 28, 84, 43],True
[51, 33, 48, 57],[112, 136, 60, 95, 135],False
[63, 135, 123, 84],[85, 6, 25, 97, 86],True
[114, 69, 112, 26],[25, 33, 79, 42, 88],False
[40, 137, 44, 31],[136, 112, 46, 39, 85],False
[114, 93, 136, 84],[48, 2, 35, 102, 121],False
[40, 41, 85, 86],[70, 136, 43, 91, 46],False
[15, 112, 42, 136],[41, 69, 11, 135, 26],False
[41, 107, 64, 33],[129, 43, 46, 136, 20],True
[18, 137, 128, 10],[3, 106, 46, 19, 39],False
[112, 26, 135, 93],[99, 39, 43, 57, 136],False
[108, 42, 136, 84],[97, 128, 95, 100, 13],True
[44, 43, 85, 5],[128, 126, 87, 29, 10],True
[85, 41, 43, 88],[10, 38, 105, 136, 34],True
[41, 22, 135, 91],[39, 64, 14, 12, 40],False
[12, 51, 43, 30],[119, 39, 129, 114, 66],False
[93, 135, 9, 85],[98, 4, 128, 17, 68],True
[86, 85, 14, 136],[7, 25, 46, 58, 40],False
[70, 136, 33, 79],[63, 126, 43, 19, 31],False
[41, 98, 26, 66],[23, 7, 112, 43, 46],False
[69, 100, 31, 63],[57, 136, 65, 44, 128],False
[73, 68, 14, 85],[10, 64, 136, 47, 43],True
[69, 86, 46, 31],[11, 84, 136, 106, 43],False
[136, 93, 128, 98],[4, 14, 123, 57, 47],True
[46, 98, 123, 107],[14, 4, 57, 128, 13],False
[4, 26, 135, 57],[10, 123, 25, 104, 64],True
[93, 43, 64, 107],[19, 87, 55, 39, 95],False
[57, 135, 136, 18],[95, 11, 66, 129, 19],False
[9, 137, 50, 12],[41, 106, 85, 58, 64],False
[70, 33, 19, 128],[69, 123, 39, 135, 109],False
[8, 28, 110, 64],[57, 129, 48, 21, 126],True
[38, 14, 107, 123],[58, 41, 100, 57, 43],False
[136, 61, 46, 57],[93, 65, 43, 7, 58],False
[123, 109, 28, 64],[120, 85, 95, 129, 17],True
[58, 100, 41, 33],[5, 126, 14, 120, 43],True
[57, 95, 105, 136],[25, 5, 93, 19, 15],False
[93, 3, 107, 43],[63, 100, 126, 28, 123],False
[129, 15, 119, 41],[137, 10, 114, 23, 43],False
[123, 60, 107, 11],[57, 13, 99, 88, 43],False
[66, 19, 135, 43],[30, 41, 136, 120, 9],False
[135, 129, 9, 128],[19, 136, 20, 8, 33],False
[93, 47, 103, 136],[50, 17, 109, 7, 43],False
[57, 9, 49, 11],[136, 30, 52, 81, 120],False
[81, 9, 7, 85],[48, 136, 91, 28, 39],True
[41, 30, 128, 129],[105, 120, 84, 6, 33],True
[53, 47, 114, 7],[63, 72, 41, 106, 61],False
[66, 114, 99, 15],[85, 25, 104, 33, 88],False
[93, 128, 20, 62],[89, 87, 135, 105, 22],True
[43, 41, 65, 7],[120, 88, 52, 85, 10],False
[89, 129, 86, 84],[21, 8, 121, 52, 97],False
[23, 8, 86, 83],[100, 5, 44, 43, 107],False
[40, 80, 136, 50],[41, 126, 137, 68, 58],False
[11, 123, 107, 96],[95, 19, 57, 58, 43],False
[93, 135, 136, 64],[47, 58, 112, 95, 126],True
[128, 91, 41, 62],[85, 136, 39, 38, 109],True
[14, 3, 104, 101],[99, 57, 92, 19, 22],True
[47, 79, 14, 100],[92, 123, 48, 112, 39],True
[48, 91, 28, 84],[5, 18, 104, 76, 26],True
[41, 121, 69, 84],[137, 67, 38, 136, 25],True
[9, 19, 137, 25],[54, 101, 85, 49, 43],True
[93, 136, 39, 87],[90, 106, 85, 57, 48],False
[5, 93, 19, 40],[96, 100, 114, 52, 23],False
[66, 10, 85, 7],[96, 100, 15, 53, 46],True
[57, 10, 66, 7],[30, 14, 89, 23, 65],True
[66, 19, 4, 120],[64, 92, 11, 43, 88],True
[86, 57, 100, 114],[95, 120, 25, 79, 7],False
[41, 112, 65, 1],[69, 17, 42, 110, 33],False
[53, 85, 100, 33],[135, 7, 25, 112, 72],False
[48, 107, 20, 128],[95, 50, 19, 136, 33],True
[112, 121, 136, 4],[106, 35, 135, 120, 20],True
[85, 129, 119, 109],[43, 93, 55, 120, 19],True
[66, 114, 19, 43],[136, 11, 96, 14, 68],True
[57, 15, 136, 93],[68, 11, 85, 10, 51],False
[54, 85, 7, 9],[73, 101, 129, 48, 13],True
[7, 66, 43, 10],[47, 15, 136, 123, 1],True
[85, 112, 81, 64],[34, 58, 135, 91, 62],False
[6, 84, 49, 26],[120, 53, 101, 42, 112],True
[93, 64, 47, 136],[5, 52, 63, 50, 135],False
[128, 69, 78, 43],[109, 92, 65, 85, 88],False
[42, 65, 69, 88],[86, 39, 41, 137, 50],True
[41, 5, 85, 69],[72, 58, 49, 25, 57],False
[46, 136, 129, 86],[120, 114, 48, 84, 15],True
[51, 54, 129, 37],[49, 17, 48, 87, 136],False
[137, 10, 86, 85],[8, 11, 7, 15, 123],False
[136, 38, 107, 5],[52, 8, 121, 90, 135],True
[11, 43, 64, 107],[60, 106, 101, 123, 135],False
[85, 60, 6, 86],[112, 70, 43, 77, 88],True
[136, 50, 120, 93],[43, 46, 2, 129, 128],False
[66, 86, 11, 104],[136, 110, 23, 43, 10],False
[93, 129, 31, 123],[112, 25, 120, 136, 44],False
[31, 95, 119, 28],[84, 46, 11, 26, 2],False
[128, 46, 129, 27],[51, 42, 123, 55, 87],False
[44, 16, 30, 9],[19, 14, 129, 50, 95],True
[41, 135, 98, 47],[57, 19, 38, 136, 35],True
[87, 135, 101, 41],[100, 110, 86, 107, 46],True
[81, 68, 101, 49],[10, 38, 136, 120, 123],True
[18, 38, 19, 30],[136, 25, 137, 5, 14],False
[68, 33, 136, 93],[99, 106, 97, 105, 85],False
[4, 65, 136, 87],[5, 129, 91, 12, 13],False
[10, 38, 136, 58],[128, 119, 27, 95, 96],True
[7, 81, 53, 21],[128, 6, 25, 100, 85],False
[10, 7, 137, 58],[70, 120, 20, 43, 88],False
[46, 100, 43, 50],[14, 120, 135, 85, 7],True
[10, 43, 107, 57],[137, 101, 66, 12, 126],True
[136, 38, 66, 113],[9, 46, 7, 120, 85],False
[41, 7, 85, 58],[19, 43, 70, 57, 9],True
[114, 7, 43, 19],[107, 135, 86, 85, 25],False
[129, 109, 86, 51],[119, 11, 96, 93, 57],False
[66, 15, 100, 80],[25, 58, 135, 14, 123],False
[10, 47, 57, 100],[80, 99, 37, 91, 135],False
[137, 54, 121, 88],[87, 19, 135, 112, 15],False
[107, 41, 112, 43],[51, 33, 61, 83, 53],True
[8, 86, 37, 2],[6, 35, 3, 27, 28],True
[101, 135, 93, 66],[72, 120, 43, 136, 46],False
[100, 114, 120, 5],[50, 19, 10, 129, 106],True
[68, 19, 60, 41],[14, 39, 43, 7, 77],False
[73, 5, 88, 43],[46, 92, 58, 136, 120],False
[66, 98, 54, 136],[91, 39, 14, 15, 107],False
[10, 97, 66, 123],[11, 85, 58, 100, 126],False
[123, 10, 66, 97],[11, 85, 58, 100, 126],False
[41, 87, 7, 98],[46, 20, 38, 58, 65],False
[128, 108, 19, 41],[136, 43, 11, 20, 81],False
[136, 4, 100, 135],[88, 106, 81, 43, 20],False
[129, 44, 101, 79],[67, 137, 39, 30, 86],False
[110, 136, 33, 8],[39, 65, 85, 72, 107],False
[123, 64, 2, 8],[44, 126, 86, 121, 137],True
[120, 41, 77, 121],[69, 128, 136, 48, 64],True
[5, 136, 137, 12],[14, 25, 38, 58, 7],False
[129, 46, 110, 64],[26, 88, 73, 60, 34],True
[14, 3, 43, 107],[93, 101, 85, 120, 81],True
[11, 7, 85, 38],[100, 10, 120, 3, 33],False
[86, 100, 46, 61],[93, 120, 19, 112, 129],False
[14, 85, 100, 26],[41, 43, 128, 84, 97],True
[44, 128, 107, 92],[38, 25, 11, 136, 7],False
[51, 43, 8, 87],[30, 14, 23, 7, 93],False
[70, 18, 43, 88],[11, 50, 65, 136, 129],False
[9, 19, 51, 46],[41, 25, 137, 101, 64],False
[31, 43, 70, 137],[46, 123, 98, 14, 5],True
[11, 92, 114, 66],[70, 25, 43, 50, 135],False
[48, 86, 85, 136],[5, 97, 107, 44, 39],False
[92, 35, 137, 128],[17, 95, 31, 85, 119],False
[7, 44, 137, 30],[51, 123, 43, 100, 114],False
[135, 11, 51, 30],[35, 7, 85, 44, 43],True
[137, 77, 43, 87],[129, 68, 39, 7, 1],False
[86, 128, 85, 46],[25, 63, 136, 33, 37],False
[43, 123, 66, 41],[129, 10, 69, 91, 47],True
[120, 135, 30, 21],[3, 91, 79, 114, 11],True
[57, 38, 88, 63],[47, 7, 65, 73, 3],False
[91, 18, 136, 33],[19, 129, 56, 39, 86],True
[70, 5, 136, 92],[23, 41, 123, 110, 19],True
[7, 100, 43, 95],[19, 30, 64, 48, 136],False
[66, 136, 105, 10],[99, 120, 43, 30, 88],False
[41, 7, 47, 58],[113, 69, 85, 39, 86],False
[128, 41, 100, 43],[39, 129, 50, 101, 95],True
[93, 43, 7, 38],[136, 112, 107, 46, 84],True
[96, 41, 86, 30],[119, 136, 10, 43, 49],True
[137, 10, 92, 123],[30, 41, 120, 47, 100],True
[7, 38, 109, 66],[5, 41, 85, 55, 65],False
[5, 38, 19, 41],[23, 109, 87, 43, 88],False
[99, 38, 66, 86],[7, 11, 33, 64, 19],True
[43, 41, 58, 9],[4, 34, 85, 19, 53],False
[6, 65, 105, 51],[128, 38, 94, 13, 100],False
[2, 51, 105, 54],[62, 123, 60, 85, 67],True
[58, 128, 95, 77],[10, 106, 43, 107, 64],False
[50, 58, 129, 93],[57, 119, 136, 39, 8],False
[48, 92, 136, 85],[11, 84, 137, 90, 126],True
[101, 135, 30, 93],[120, 33, 66, 42, 86],False
[9, 79, 2, 7],[70, 19, 123, 38, 91],True
[10, 60, 123, 136],[129, 19, 30, 112, 89],False
